Filename,size
dBFA2-02M_NaCl_2N-R1-Subpool_S33_R1_001.fastq.gz,37M
dBFA2-21C_2N-R1-Subpool_S32_R1_001.fastq.gz,28M
dBFA2-FLC4_2N-R1-Subpool_S34_R1_001.fastq.gz,12M
dBFA2_h1_Ancestor_YPD_2N_R1_1_R1.fastq.gz,23M
dBFA2_h1_Ancestor_YPD_2N_R1_1_R2.fastq.gz,23M
dBFA2_h1_Ancestor_YPD_2N_R1_2_R1.fastq.gz,23M
dBFA2_h1_Ancestor_YPD_2N_R1_2_R2.fastq.gz,23M
dBFA2_h1_dBFA2-37C-R1-Time16_R1.fastq.gz,203M
dBFA2_h1_dBFA2-37C-R1-Time16_R2.fastq.gz,139M
dBFA2_h1_dBFA2-37C-R1-Time24_R1.fastq.gz,320M
dBFA2_h1_dBFA2-37C-R1-Time24_R2.fastq.gz,321M
dBFA2_h1_dBFA2-37C-R1-Time32_R1.fastq.gz,308M
dBFA2_h1_dBFA2-37C-R1-Time32_R2.fastq.gz,309M
dBFA2_h1_dBFA2-37C-R1-Time40_R1.fastq.gz,273M
dBFA2_h1_dBFA2-37C-R1-Time40_R2.fastq.gz,280M
dBFA2_h1_dBFA2-37C-R1-Time8_R1.fastq.gz,300M
dBFA2_h1_dBFA2-37C-R1-Time8_R2.fastq.gz,306M
dBFA2_h1_dBFA2-37C-R2-Time16_R1.fastq.gz,292M
dBFA2_h1_dBFA2-37C-R2-Time16_R2.fastq.gz,298M
dBFA2_h1_dBFA2-37C-R2-Time24_R1.fastq.gz,236M
dBFA2_h1_dBFA2-37C-R2-Time24_R2.fastq.gz,238M
dBFA2_h1_dBFA2-37C-R2-Time32_R1.fastq.gz,224M
dBFA2_h1_dBFA2-37C-R2-Time32_R2.fastq.gz,229M
dBFA2_h1_dBFA2-37C-R2-Time40_R1.fastq.gz,308M
dBFA2_h1_dBFA2-37C-R2-Time40_R2.fastq.gz,307M
dBFA2_h1_dBFA2-37C-R2-Time8_R1.fastq.gz,357M
dBFA2_h1_dBFA2-37C-R2-Time8_R2.fastq.gz,357M
dBFA2_h1_dBFA2-37C-R3-Time16_R1.fastq.gz,334M
dBFA2_h1_dBFA2-37C-R3-Time16_R2.fastq.gz,336M
dBFA2_h1_dBFA2-37C-R3-Time24_R1.fastq.gz,291M
dBFA2_h1_dBFA2-37C-R3-Time24_R2.fastq.gz,298M
dBFA2_h1_dBFA2-37C-R3-Time32_R1.fastq.gz,93M
dBFA2_h1_dBFA2-37C-R3-Time32_R2.fastq.gz,85M
dBFA2_h1_dBFA2-37C-R3-Time40_R1.fastq.gz,257M
dBFA2_h1_dBFA2-37C-R3-Time40_R2.fastq.gz,258M
dBFA2_h1_dBFA2-37C-R3-Time8_R1.fastq.gz,344M
dBFA2_h1_dBFA2-37C-R3-Time8_R2.fastq.gz,349M
dBFA2_h1_dBFA2-pH3_8-R1-Time16_R1.fastq.gz,247M
dBFA2_h1_dBFA2-pH3_8-R1-Time16_R2.fastq.gz,250M
dBFA2_h1_dBFA2-pH3_8-R1-Time24_R1.fastq.gz,312M
dBFA2_h1_dBFA2-pH3_8-R1-Time24_R2.fastq.gz,316M
dBFA2_h1_dBFA2-pH3_8-R1-Time40_R1.fastq.gz,126M
dBFA2_h1_dBFA2-pH3_8-R1-Time40_R2.fastq.gz,126M
dBFA2_h1_dBFA2-pH3_8-R1-Time8_R1.fastq.gz,255M
dBFA2_h1_dBFA2-pH3_8-R1-Time8_R2.fastq.gz,254M
dBFA2_h1_dBFA2-pH3_8-R2-Time16_R1.fastq.gz,139M
dBFA2_h1_dBFA2-pH3_8-R2-Time16_R2.fastq.gz,142M
dBFA2_h1_dBFA2-pH3_8-R2-Time24_R1.fastq.gz,3.0M
dBFA2_h1_dBFA2-pH3_8-R2-Time24_R2.fastq.gz,3.0M
dBFA2_h1_dBFA2-pH3_8-R2-Time8_R1.fastq.gz,263M
dBFA2_h1_dBFA2-pH3_8-R2-Time8_R2.fastq.gz,266M
dBFA2_h1_dBFA2-pH3_8-R3-Time16_R1.fastq.gz,273M
dBFA2_h1_dBFA2-pH3_8-R3-Time16_R2.fastq.gz,278M
dBFA2_h1_dBFA2-pH3_8-R3-Time24_R1.fastq.gz,296M
dBFA2_h1_dBFA2-pH3_8-R3-Time24_R2.fastq.gz,297M
dBFA2_h1_dBFA2-pH3_8-R3-Time32_R1.fastq.gz,305M
dBFA2_h1_dBFA2-pH3_8-R3-Time32_R2.fastq.gz,306M
dBFA2_h1_dBFA2-pH3_8-R3-Time40_R1.fastq.gz,327M
dBFA2_h1_dBFA2-pH3_8-R3-Time40_R2.fastq.gz,329M
dBFA2_h1_dBFA2-pH3_8-R3-Time8_R1.fastq.gz,270M
dBFA2_h1_dBFA2-pH3_8-R3-Time8_R2.fastq.gz,265M
dBFA2_h1_dBFA2-pH7_3-R1-Time16_R1.fastq.gz,334M
dBFA2_h1_dBFA2-pH7_3-R1-Time16_R2.fastq.gz,337M
dBFA2_h1_dBFA2-pH7_3-R1-Time24_R1.fastq.gz,321M
dBFA2_h1_dBFA2-pH7_3-R1-Time24_R2.fastq.gz,322M
dBFA2_h1_dBFA2-pH7_3-R1-Time32_R1.fastq.gz,371M
dBFA2_h1_dBFA2-pH7_3-R1-Time32_R2.fastq.gz,373M
dBFA2_h1_dBFA2-pH7_3-R1-Time40_R1.fastq.gz,314M
dBFA2_h1_dBFA2-pH7_3-R1-Time40_R2.fastq.gz,318M
dBFA2_h1_dBFA2-pH7_3-R1-Time8_R1.fastq.gz,282M
dBFA2_h1_dBFA2-pH7_3-R1-Time8_R2.fastq.gz,287M
dBFA2_h1_dBFA2-pH7_3-R2-Time16_R1.fastq.gz,36M
dBFA2_h1_dBFA2-pH7_3-R2-Time16_R2.fastq.gz,33M
dBFA2_h1_dBFA2-pH7_3-R2-Time24_R1.fastq.gz,485M
dBFA2_h1_dBFA2-pH7_3-R2-Time24_R2.fastq.gz,464M
dBFA2_h1_dBFA2-pH7_3-R2-Time32_R1.fastq.gz,258M
dBFA2_h1_dBFA2-pH7_3-R2-Time32_R2.fastq.gz,260M
dBFA2_h1_dBFA2-pH7_3-R2-Time40_R1.fastq.gz,384M
dBFA2_h1_dBFA2-pH7_3-R2-Time40_R2.fastq.gz,382M
dBFA2_h1_dBFA2-pH7_3-R2-Time8_R1.fastq.gz,290M
dBFA2_h1_dBFA2-pH7_3-R2-Time8_R2.fastq.gz,292M
dBFA2_h1_dBFA2-pH7_3-R3-Time16_R1.fastq.gz,225M
dBFA2_h1_dBFA2-pH7_3-R3-Time16_R2.fastq.gz,222M
dBFA2_h1_dBFA2-pH7_3-R3-Time24_R1.fastq.gz,378M
dBFA2_h1_dBFA2-pH7_3-R3-Time24_R2.fastq.gz,388M
dBFA2_h1_dBFA2-pH7_3-R3-Time32_R1.fastq.gz,324M
dBFA2_h1_dBFA2-pH7_3-R3-Time32_R2.fastq.gz,324M
dBFA2_h1_dBFA2-pH7_3-R3-Time40_R1.fastq.gz,378M
dBFA2_h1_dBFA2-pH7_3-R3-Time40_R2.fastq.gz,385M
dBFA2_h1_dBFA2-pH7_3-R3-Time8_R1.fastq.gz,313M
dBFA2_h1_dBFA2-pH7_3-R3-Time8_R2.fastq.gz,319M
dBFA2_h1_dBFA2-SC-R1-Time24_R1.fastq.gz,275M
dBFA2_h1_dBFA2-SC-R1-Time24_R2.fastq.gz,280M
dBFA2_h1_dBFA2-SC-R1-Time32_R1.fastq.gz,271M
dBFA2_h1_dBFA2-SC-R1-Time32_R2.fastq.gz,270M
dBFA2_h1_dBFA2-SC-R1-Time40_R1.fastq.gz,308M
dBFA2_h1_dBFA2-SC-R1-Time40_R2.fastq.gz,316M
dBFA2_h1_dBFA2-SC-R1-Time8_R1.fastq.gz,264M
dBFA2_h1_dBFA2-SC-R1-Time8_R2.fastq.gz,271M
dBFA2_h1_dBFA2-SC-R2-Time16_R1.fastq.gz,354M
dBFA2_h1_dBFA2-SC-R2-Time16_R2.fastq.gz,362M
dBFA2_h1_dBFA2-SC-R2-Time24_R1.fastq.gz,331M
dBFA2_h1_dBFA2-SC-R2-Time24_R2.fastq.gz,331M
dBFA2_h1_dBFA2-SC-R2-Time32_R1.fastq.gz,244M
dBFA2_h1_dBFA2-SC-R2-Time32_R2.fastq.gz,249M
dBFA2_h1_dBFA2-SC-R2-Time40_R1.fastq.gz,3.1M
dBFA2_h1_dBFA2-SC-R2-Time40_R2.fastq.gz,3.1M
dBFA2_h1_dBFA2-SC-R2-Time8_R1.fastq.gz,292M
dBFA2_h1_dBFA2-SC-R2-Time8_R2.fastq.gz,290M
dBFA2_h1_dBFA2-SC-R3-Time16_R1.fastq.gz,337M
dBFA2_h1_dBFA2-SC-R3-Time16_R2.fastq.gz,339M
dBFA2_h1_dBFA2-SC-R3-Time24_R1.fastq.gz,304M
dBFA2_h1_dBFA2-SC-R3-Time24_R2.fastq.gz,315M
dBFA2_h1_dBFA2-SC-R3-Time32_R1.fastq.gz,241M
dBFA2_h1_dBFA2-SC-R3-Time32_R2.fastq.gz,241M
dBFA2_h1_dBFA2-SC-R3-Time40_R1.fastq.gz,331M
dBFA2_h1_dBFA2-SC-R3-Time40_R2.fastq.gz,334M
dBFA2_h1_dBFA2-SC-R3-Time8_R1.fastq.gz,274M
dBFA2_h1_dBFA2-SC-R3-Time8_R2.fastq.gz,277M
dBFA2_h1_dBFA2-T0_Pool-NA-Time0_R1.fastq.gz,2.1M
dBFA2_h1_dBFA2-T0_Pool-NA-Time0_R2.fastq.gz,2.2M
dBFA2_h1_dBFA2-YPD-R1-Time16_R1.fastq.gz,279M
dBFA2_h1_dBFA2-YPD-R1-Time16_R2.fastq.gz,272M
dBFA2_h1_dBFA2-YPD-R1-Time24_R1.fastq.gz,309M
dBFA2_h1_dBFA2-YPD-R1-Time24_R2.fastq.gz,310M
dBFA2_h1_dBFA2-YPD-R1-Time32_R1.fastq.gz,448M
dBFA2_h1_dBFA2-YPD-R1-Time32_R2.fastq.gz,452M
dBFA2_h1_dBFA2-YPD-R1-Time8_R1.fastq.gz,386M
dBFA2_h1_dBFA2-YPD-R1-Time8_R2.fastq.gz,387M
dBFA2_h1_dBFA2-YPD-R2-Time16_R1.fastq.gz,370M
dBFA2_h1_dBFA2-YPD-R2-Time16_R2.fastq.gz,371M
dBFA2_h1_dBFA2-YPD-R2-Time24_R1.fastq.gz,266M
dBFA2_h1_dBFA2-YPD-R2-Time24_R2.fastq.gz,261M
dBFA2_h1_dBFA2-YPD-R2-Time32_R1.fastq.gz,372M
dBFA2_h1_dBFA2-YPD-R2-Time32_R2.fastq.gz,375M
dBFA2_h1_dBFA2-YPD-R2-Time40_R1.fastq.gz,315M
dBFA2_h1_dBFA2-YPD-R2-Time40_R2.fastq.gz,317M
dBFA2_h1_dBFA2-YPD-R2-Time8_R1.fastq.gz,355M
dBFA2_h1_dBFA2-YPD-R2-Time8_R2.fastq.gz,358M
dBFA2_h1_dBFA2-YPD-R3-Time16_R1.fastq.gz,241M
dBFA2_h1_dBFA2-YPD-R3-Time16_R2.fastq.gz,238M
dBFA2_h1_dBFA2-YPD-R3-Time24_R1.fastq.gz,228M
dBFA2_h1_dBFA2-YPD-R3-Time24_R2.fastq.gz,224M
dBFA2_h1_dBFA2-YPD-R3-Time32_R1.fastq.gz,409M
dBFA2_h1_dBFA2-YPD-R3-Time32_R2.fastq.gz,416M
dBFA2_h1_dBFA2-YPD-R3-Time40_R1.fastq.gz,305M
dBFA2_h1_dBFA2-YPD-R3-Time40_R2.fastq.gz,303M
dBFA2_h1_dBFA2-YPD-R3-Time8_R1.fastq.gz,398M
dBFA2_h1_dBFA2-YPD-R3-Time8_R2.fastq.gz,395M
dBFA2_h1_Subpool_02M_NaCl_2N_R2_R1.fastq.gz,36M
dBFA2_h1_Subpool_02M_NaCl_2N_R2_R2.fastq.gz,36M
dBFA2_h1_Subpool_21C_2N_R2_R1.fastq.gz,25M
dBFA2_h1_Subpool_21C_2N_R2_R2.fastq.gz,25M
dBFA2_h1_Subpool_37C_2N_R1_R1.fastq.gz,25M
dBFA2_h1_Subpool_37C_2N_R1_R2.fastq.gz,26M
dBFA2_h1_Subpool_37C_2N_R2_R1.fastq.gz,26M
dBFA2_h1_Subpool_37C_2N_R2_R2.fastq.gz,26M
dBFA2_h1_Subpool_48Hr_2N_R1_R1.fastq.gz,27M
dBFA2_h1_Subpool_48Hr_2N_R1_R2.fastq.gz,27M
dBFA2_h1_Subpool_48Hr_2N_R2_R1.fastq.gz,13M
dBFA2_h1_Subpool_48Hr_2N_R2_R2.fastq.gz,13M
dBFA2_h1_Subpool_CLM_2N_R1_R1.fastq.gz,24M
dBFA2_h1_Subpool_CLM_2N_R1_R2.fastq.gz,25M
dBFA2_h1_Subpool_CLM_2N_R2_R1.fastq.gz,24M
dBFA2_h1_Subpool_CLM_2N_R2_R2.fastq.gz,25M
dBFA2_h1_Subpool_FLC4_2N_R2_R1.fastq.gz,25M
dBFA2_h1_Subpool_FLC4_2N_R2_R2.fastq.gz,25M
dBFA2_h1_Subpool_GlyEtOH_2N_R1_R1.fastq.gz,29M
dBFA2_h1_Subpool_GlyEtOH_2N_R1_R2.fastq.gz,29M
dBFA2_h1_Subpool_GlyEtOH_2N_R2_R1.fastq.gz,33M
dBFA2_h1_Subpool_GlyEtOH_2N_R2_R2.fastq.gz,33M
dBFA2_h1_Subpool_pH3_8_2N_R1_R1.fastq.gz,42M
dBFA2_h1_Subpool_pH3_8_2N_R1_R2.fastq.gz,42M
dBFA2_h1_Subpool_pH3_8_2N_R2_R1.fastq.gz,36M
dBFA2_h1_Subpool_pH3_8_2N_R2_R2.fastq.gz,36M
dBFA2_h1_Subpool_pH7_3_2N_R1_R1.fastq.gz,24M
dBFA2_h1_Subpool_pH7_3_2N_R1_R2.fastq.gz,24M
dBFA2_h1_Subpool_pH7_3_2N_R2_R1.fastq.gz,23M
dBFA2_h1_Subpool_pH7_3_2N_R2_R2.fastq.gz,23M
dBFA2_h1_Subpool_SC_2N_R1_R1.fastq.gz,31M
dBFA2_h1_Subpool_SC_2N_R1_R2.fastq.gz,31M
dBFA2_h1_Subpool_SC_2N_R2_R1.fastq.gz,33M
dBFA2_h1_Subpool_SC_2N_R2_R2.fastq.gz,32M
dBFA2_h1_Subpool_YPD_2N_R1_R1.fastq.gz,33M
dBFA2_h1_Subpool_YPD_2N_R1_R2.fastq.gz,33M
dBFA2_h1_Subpool_YPD_2N_R2_R1.fastq.gz,5.4M
dBFA2_h1_Subpool_YPD_2N_R2_R2.fastq.gz,5.5M
dBFA2_s1_dBFA2-21C-R1-Time16_R1.fastq.gz,269M
dBFA2_s1_dBFA2-21C-R1-Time16_R2.fastq.gz,298M
dBFA2_s1_dBFA2-21C-R1-Time24_R1.fastq.gz,268M
dBFA2_s1_dBFA2-21C-R1-Time24_R2.fastq.gz,303M
dBFA2_s1_dBFA2-21C-R1-Time32_R1.fastq.gz,251M
dBFA2_s1_dBFA2-21C-R1-Time32_R2.fastq.gz,277M
dBFA2_s1_dBFA2-21C-R1-Time40_R1.fastq.gz,212M
dBFA2_s1_dBFA2-21C-R1-Time40_R2.fastq.gz,234M
dBFA2_s1_dBFA2-21C-R1-Time8_R1.fastq.gz,311M
dBFA2_s1_dBFA2-21C-R1-Time8_R2.fastq.gz,344M
dBFA2_s1_dBFA2-21C-R2-Time16_R1.fastq.gz,279M
dBFA2_s1_dBFA2-21C-R2-Time16_R2.fastq.gz,307M
dBFA2_s1_dBFA2-21C-R2-Time24_R1.fastq.gz,249M
dBFA2_s1_dBFA2-21C-R2-Time24_R2.fastq.gz,276M
dBFA2_s1_dBFA2-21C-R2-Time32_R1.fastq.gz,556M
dBFA2_s1_dBFA2-21C-R2-Time32_R2.fastq.gz,617M
dBFA2_s1_dBFA2-21C-R2-Time40_R1.fastq.gz,410M
dBFA2_s1_dBFA2-21C-R2-Time40_R2.fastq.gz,454M
dBFA2_s1_dBFA2-21C-R2-Time8_R1.fastq.gz,329M
dBFA2_s1_dBFA2-21C-R2-Time8_R2.fastq.gz,364M
dBFA2_s1_dBFA2-21C-R3-Time16_R1.fastq.gz,377M
dBFA2_s1_dBFA2-21C-R3-Time16_R2.fastq.gz,417M
dBFA2_s1_dBFA2-21C-R3-Time24_R1.fastq.gz,405M
dBFA2_s1_dBFA2-21C-R3-Time24_R2.fastq.gz,447M
dBFA2_s1_dBFA2-21C-R3-Time32_R1.fastq.gz,359M
dBFA2_s1_dBFA2-21C-R3-Time32_R2.fastq.gz,396M
dBFA2_s1_dBFA2-21C-R3-Time40_R1.fastq.gz,379M
dBFA2_s1_dBFA2-21C-R3-Time40_R2.fastq.gz,421M
dBFA2_s1_dBFA2-21C-R3-Time8_R1.fastq.gz,482M
dBFA2_s1_dBFA2-21C-R3-Time8_R2.fastq.gz,547M
dBFA2_s1_dBFA2-FLC4-R1-Time16_R1.fastq.gz,5.1M
dBFA2_s1_dBFA2-FLC4-R1-Time16_R2.fastq.gz,5.7M
dBFA2_s1_dBFA2-FLC4-R1-Time24_R1.fastq.gz,45M
dBFA2_s1_dBFA2-FLC4-R1-Time24_R2.fastq.gz,53M
dBFA2_s1_dBFA2-FLC4-R1-Time32_R1.fastq.gz,31M
dBFA2_s1_dBFA2-FLC4-R1-Time32_R2.fastq.gz,35M
dBFA2_s1_dBFA2-FLC4-R1-Time40_R1.fastq.gz,40M
dBFA2_s1_dBFA2-FLC4-R1-Time40_R2.fastq.gz,45M
dBFA2_s1_dBFA2-FLC4-R1-Time8_R1.fastq.gz,48M
dBFA2_s1_dBFA2-FLC4-R1-Time8_R2.fastq.gz,53M
dBFA2_s1_dBFA2-FLC4-R2-Time16_R1.fastq.gz,6.8M
dBFA2_s1_dBFA2-FLC4-R2-Time16_R2.fastq.gz,7.7M
dBFA2_s1_dBFA2-FLC4-R2-Time24_R1.fastq.gz,24M
dBFA2_s1_dBFA2-FLC4-R2-Time24_R2.fastq.gz,28M
dBFA2_s1_dBFA2-FLC4-R2-Time32_R1.fastq.gz,11M
dBFA2_s1_dBFA2-FLC4-R2-Time32_R2.fastq.gz,12M
dBFA2_s1_dBFA2-FLC4-R2-Time40_R1.fastq.gz,28M
dBFA2_s1_dBFA2-FLC4-R2-Time40_R2.fastq.gz,31M
dBFA2_s1_dBFA2-FLC4-R2-Time8_R1.fastq.gz,43M
dBFA2_s1_dBFA2-FLC4-R2-Time8_R2.fastq.gz,48M
dBFA2_s1_dBFA2-FLC4-R3-Time16_R1.fastq.gz,40M
dBFA2_s1_dBFA2-FLC4-R3-Time16_R2.fastq.gz,44M
dBFA2_s1_dBFA2-FLC4-R3-Time24_R1.fastq.gz,27M
dBFA2_s1_dBFA2-FLC4-R3-Time24_R2.fastq.gz,31M
dBFA2_s1_dBFA2-FLC4-R3-Time32_R1.fastq.gz,28M
dBFA2_s1_dBFA2-FLC4-R3-Time32_R2.fastq.gz,32M
dBFA2_s1_dBFA2-FLC4-R3-Time40_R1.fastq.gz,20M
dBFA2_s1_dBFA2-FLC4-R3-Time40_R2.fastq.gz,23M
dBFA2_s1_dBFA2-FLC4-R3-Time8_R1.fastq.gz,23M
dBFA2_s1_dBFA2-FLC4-R3-Time8_R2.fastq.gz,26M
dBFA2_s1_dBFA2-GlyEtOH-R1-Time16_R1.fastq.gz,127M
dBFA2_s1_dBFA2-GlyEtOH-R1-Time16_R2.fastq.gz,140M
dBFA2_s1_dBFA2-GlyEtOH-R1-Time24_R1.fastq.gz,176M
dBFA2_s1_dBFA2-GlyEtOH-R1-Time24_R2.fastq.gz,200M
dBFA2_s1_dBFA2-GlyEtOH-R1-Time32_R1.fastq.gz,185M
dBFA2_s1_dBFA2-GlyEtOH-R1-Time32_R2.fastq.gz,206M
dBFA2_s1_dBFA2-GlyEtOH-R1-Time40_R1.fastq.gz,118M
dBFA2_s1_dBFA2-GlyEtOH-R1-Time40_R2.fastq.gz,132M
dBFA2_s1_dBFA2-GlyEtOH-R1-Time8_R1.fastq.gz,157M
dBFA2_s1_dBFA2-GlyEtOH-R1-Time8_R2.fastq.gz,174M
dBFA2_s1_dBFA2-GlyEtOH-R2-Time16_R1.fastq.gz,149M
dBFA2_s1_dBFA2-GlyEtOH-R2-Time16_R2.fastq.gz,164M
dBFA2_s1_dBFA2-GlyEtOH-R2-Time24_R1.fastq.gz,153M
dBFA2_s1_dBFA2-GlyEtOH-R2-Time24_R2.fastq.gz,170M
dBFA2_s1_dBFA2-GlyEtOH-R2-Time32_R1.fastq.gz,44M
dBFA2_s1_dBFA2-GlyEtOH-R2-Time32_R2.fastq.gz,49M
dBFA2_s1_dBFA2-GlyEtOH-R2-Time40_R1.fastq.gz,69M
dBFA2_s1_dBFA2-GlyEtOH-R2-Time40_R2.fastq.gz,77M
dBFA2_s1_dBFA2-GlyEtOH-R2-Time8_R1.fastq.gz,68M
dBFA2_s1_dBFA2-GlyEtOH-R2-Time8_R2.fastq.gz,75M
dBFA2_s1_dBFA2-GlyEtOH-R3-Time16_R1.fastq.gz,237M
dBFA2_s1_dBFA2-GlyEtOH-R3-Time16_R2.fastq.gz,262M
dBFA2_s1_dBFA2-GlyEtOH-R3-Time24_R1.fastq.gz,128M
dBFA2_s1_dBFA2-GlyEtOH-R3-Time24_R2.fastq.gz,142M
dBFA2_s1_dBFA2-GlyEtOH-R3-Time32_R1.fastq.gz,172M
dBFA2_s1_dBFA2-GlyEtOH-R3-Time32_R2.fastq.gz,190M
dBFA2_s1_dBFA2-GlyEtOH-R3-Time40_R1.fastq.gz,12M
dBFA2_s1_dBFA2-GlyEtOH-R3-Time40_R2.fastq.gz,13M
dBFA2_s1_dBFA2-GlyEtOH-R3-Time8_R1.fastq.gz,217M
dBFA2_s1_dBFA2-GlyEtOH-R3-Time8_R2.fastq.gz,244M
dBFA2_s1_dBFA2-Pre-R0-Time0_R1.fastq.gz,74M
dBFA2_s1_dBFA2-Pre-R0-Time0_R2.fastq.gz,82M
dBFA2_s2_dBFA2-02M_NaCl-R1-Time16_R1.fastq.gz,291M
dBFA2_s2_dBFA2-02M_NaCl-R1-Time16_R2.fastq.gz,296M
dBFA2_s2_dBFA2-02M_NaCl-R1-Time24_R1.fastq.gz,251M
dBFA2_s2_dBFA2-02M_NaCl-R1-Time24_R2.fastq.gz,257M
dBFA2_s2_dBFA2-02M_NaCl-R1-Time32_R1.fastq.gz,290M
dBFA2_s2_dBFA2-02M_NaCl-R1-Time32_R2.fastq.gz,294M
dBFA2_s2_dBFA2-02M_NaCl-R1-Time40_R1.fastq.gz,305M
dBFA2_s2_dBFA2-02M_NaCl-R1-Time40_R2.fastq.gz,311M
dBFA2_s2_dBFA2-02M_NaCl-R1-Time8_R1.fastq.gz,197M
dBFA2_s2_dBFA2-02M_NaCl-R1-Time8_R2.fastq.gz,201M
dBFA2_s2_dBFA2-02M_NaCl-R2-Time16_R1.fastq.gz,1.3G
dBFA2_s2_dBFA2-02M_NaCl-R2-Time16_R2.fastq.gz,1.3G
dBFA2_s2_dBFA2-02M_NaCl-R2-Time24_R1.fastq.gz,197M
dBFA2_s2_dBFA2-02M_NaCl-R2-Time24_R2.fastq.gz,201M
dBFA2_s2_dBFA2-02M_NaCl-R2-Time32_R1.fastq.gz,95M
dBFA2_s2_dBFA2-02M_NaCl-R2-Time32_R2.fastq.gz,97M
dBFA2_s2_dBFA2-02M_NaCl-R2-Time40_R1.fastq.gz,224M
dBFA2_s2_dBFA2-02M_NaCl-R2-Time40_R2.fastq.gz,228M
dBFA2_s2_dBFA2-02M_NaCl-R2-Time8_R1.fastq.gz,294M
dBFA2_s2_dBFA2-02M_NaCl-R2-Time8_R2.fastq.gz,300M
dBFA2_s2_dBFA2-02M_NaCl-R3-Time16_R1.fastq.gz,39M
dBFA2_s2_dBFA2-02M_NaCl-R3-Time16_R2.fastq.gz,40M
dBFA2_s2_dBFA2-02M_NaCl-R3-Time24_R1.fastq.gz,9.5M
dBFA2_s2_dBFA2-02M_NaCl-R3-Time24_R2.fastq.gz,9.7M
dBFA2_s2_dBFA2-02M_NaCl-R3-Time32_R1.fastq.gz,22M
dBFA2_s2_dBFA2-02M_NaCl-R3-Time32_R2.fastq.gz,22M
dBFA2_s2_dBFA2-02M_NaCl-R3-Time40_R1.fastq.gz,27M
dBFA2_s2_dBFA2-02M_NaCl-R3-Time40_R2.fastq.gz,27M
dBFA2_s2_dBFA2-02M_NaCl-R3-Time8_R1.fastq.gz,81M
dBFA2_s2_dBFA2-02M_NaCl-R3-Time8_R2.fastq.gz,83M
dBFA2_s2_dBFA2-37C_Stan-R1-Time16_R1.fastq.gz,14M
dBFA2_s2_dBFA2-37C_Stan-R1-Time16_R2.fastq.gz,14M
dBFA2_s2_dBFA2-37C_Stan-R1-Time24_R1.fastq.gz,3.2M
dBFA2_s2_dBFA2-37C_Stan-R1-Time24_R2.fastq.gz,3.3M
dBFA2_s2_dBFA2-37C_Stan-R1-Time32_R1.fastq.gz,7.1M
dBFA2_s2_dBFA2-37C_Stan-R1-Time32_R2.fastq.gz,7.2M
dBFA2_s2_dBFA2-37C_Stan-R1-Time40_R1.fastq.gz,8.4M
dBFA2_s2_dBFA2-37C_Stan-R1-Time40_R2.fastq.gz,8.6M
dBFA2_s2_dBFA2-37C_Stan-R1-Time8_R1.fastq.gz,46M
dBFA2_s2_dBFA2-37C_Stan-R1-Time8_R2.fastq.gz,46M
dBFA2_s2_dBFA2-37C_Stan-R2-Time16_R1.fastq.gz,41M
dBFA2_s2_dBFA2-37C_Stan-R2-Time16_R2.fastq.gz,41M
dBFA2_s2_dBFA2-37C_Stan-R2-Time24_R1.fastq.gz,42M
dBFA2_s2_dBFA2-37C_Stan-R2-Time24_R2.fastq.gz,43M
dBFA2_s2_dBFA2-37C_Stan-R2-Time32_R1.fastq.gz,13M
dBFA2_s2_dBFA2-37C_Stan-R2-Time32_R2.fastq.gz,13M
dBFA2_s2_dBFA2-37C_Stan-R2-Time40_R1.fastq.gz,17M
dBFA2_s2_dBFA2-37C_Stan-R2-Time40_R2.fastq.gz,17M
dBFA2_s2_dBFA2-37C_Stan-R2-Time8_R1.fastq.gz,79M
dBFA2_s2_dBFA2-37C_Stan-R2-Time8_R2.fastq.gz,80M
dBFA2_s2_dBFA2-37C_Stan-R3-Time16_R1.fastq.gz,124M
dBFA2_s2_dBFA2-37C_Stan-R3-Time16_R2.fastq.gz,124M
dBFA2_s2_dBFA2-37C_Stan-R3-Time24_R1.fastq.gz,69M
dBFA2_s2_dBFA2-37C_Stan-R3-Time24_R2.fastq.gz,70M
dBFA2_s2_dBFA2-37C_Stan-R3-Time32_R1.fastq.gz,84M
dBFA2_s2_dBFA2-37C_Stan-R3-Time32_R2.fastq.gz,84M
dBFA2_s2_dBFA2-37C_Stan-R3-Time40_R1.fastq.gz,281K
dBFA2_s2_dBFA2-37C_Stan-R3-Time40_R2.fastq.gz,283K
dBFA2_s2_dBFA2-37C_Stan-R3-Time8_R1.fastq.gz,81M
dBFA2_s2_dBFA2-37C_Stan-R3-Time8_R2.fastq.gz,83M
dBFA2_s2_dBFA2-CLM-R1-Time16_R1.fastq.gz,18M
dBFA2_s2_dBFA2-CLM-R1-Time16_R2.fastq.gz,19M
dBFA2_s2_dBFA2-CLM-R1-Time24_R1.fastq.gz,41M
dBFA2_s2_dBFA2-CLM-R1-Time24_R2.fastq.gz,42M
dBFA2_s2_dBFA2-CLM-R1-Time32_R1.fastq.gz,86M
dBFA2_s2_dBFA2-CLM-R1-Time32_R2.fastq.gz,88M
dBFA2_s2_dBFA2-CLM-R1-Time40_R1.fastq.gz,100M
dBFA2_s2_dBFA2-CLM-R1-Time40_R2.fastq.gz,103M
dBFA2_s2_dBFA2-CLM-R1-Time8_R1.fastq.gz,50M
dBFA2_s2_dBFA2-CLM-R1-Time8_R2.fastq.gz,51M
dBFA2_s2_dBFA2-CLM-R2-Time16_R1.fastq.gz,43M
dBFA2_s2_dBFA2-CLM-R2-Time16_R2.fastq.gz,44M
dBFA2_s2_dBFA2-CLM-R2-Time24_R1.fastq.gz,1.8M
dBFA2_s2_dBFA2-CLM-R2-Time24_R2.fastq.gz,1.8M
dBFA2_s2_dBFA2-CLM-R2-Time32_R1.fastq.gz,19M
dBFA2_s2_dBFA2-CLM-R2-Time32_R2.fastq.gz,19M
dBFA2_s2_dBFA2-CLM-R2-Time40_R1.fastq.gz,1.2M
dBFA2_s2_dBFA2-CLM-R2-Time40_R2.fastq.gz,1.2M
dBFA2_s2_dBFA2-CLM-R2-Time8_R1.fastq.gz,87M
dBFA2_s2_dBFA2-CLM-R2-Time8_R2.fastq.gz,89M
dBFA2_s2_dBFA2-CLM-R3-Time16_R1.fastq.gz,47M
dBFA2_s2_dBFA2-CLM-R3-Time16_R2.fastq.gz,48M
dBFA2_s2_dBFA2-CLM-R3-Time24_R1.fastq.gz,72M
dBFA2_s2_dBFA2-CLM-R3-Time24_R2.fastq.gz,75M
dBFA2_s2_dBFA2-CLM-R3-Time32_R1.fastq.gz,32M
dBFA2_s2_dBFA2-CLM-R3-Time32_R2.fastq.gz,34M
dBFA2_s2_dBFA2-CLM-R3-Time40_R1.fastq.gz,87K
dBFA2_s2_dBFA2-CLM-R3-Time40_R2.fastq.gz,89K
dBFA2_s2_dBFA2-CLM-R3-Time8_R1.fastq.gz,72M
dBFA2_s2_dBFA2-CLM-R3-Time8_R2.fastq.gz,74M
dBFA2_s2_dBFA2-Pre-R14-Time0_R1.fastq.gz,15M
dBFA2_s2_dBFA2-Pre-R14-Time0_R2.fastq.gz,15M
Harvard_dip_LT_37C_2N-R1-Time120_R1.fastq.gz,282M
Harvard_dip_LT_37C_2N-R1-Time120_R2.fastq.gz,281M
Harvard_dip_LT_37C_2N-R1-Time160_R1.fastq.gz,402M
Harvard_dip_LT_37C_2N-R1-Time160_R2.fastq.gz,413M
Harvard_dip_LT_37C_2N-R1-Time200_R1.fastq.gz,256M
Harvard_dip_LT_37C_2N-R1-Time200_R2.fastq.gz,263M
Harvard_dip_LT_37C_2N-R1-Time240_R1.fastq.gz,392M
Harvard_dip_LT_37C_2N-R1-Time240_R2.fastq.gz,392M
Harvard_dip_LT_37C_2N-R1-Time280_R1.fastq.gz,393M
Harvard_dip_LT_37C_2N-R1-Time280_R2.fastq.gz,406M
Harvard_dip_LT_37C_2N-R1-Time320_R1.fastq.gz,376M
Harvard_dip_LT_37C_2N-R1-Time320_R2.fastq.gz,385M
Harvard_dip_LT_37C_2N-R1-Time80_R1.fastq.gz,375M
Harvard_dip_LT_37C_2N-R1-Time80_R2.fastq.gz,375M
Harvard_dip_LT_37C_2N-R1-Time8_R1.fastq.gz,342M
Harvard_dip_LT_37C_2N-R1-Time8_R2.fastq.gz,372M
Harvard_dip_LT_37C_2N-R2-Time120_R1.fastq.gz,394M
Harvard_dip_LT_37C_2N-R2-Time120_R2.fastq.gz,410M
Harvard_dip_LT_37C_2N-R2-Time160_R1.fastq.gz,363M
Harvard_dip_LT_37C_2N-R2-Time160_R2.fastq.gz,369M
Harvard_dip_LT_37C_2N-R2-Time200_R1.fastq.gz,374M
Harvard_dip_LT_37C_2N-R2-Time200_R2.fastq.gz,376M
Harvard_dip_LT_37C_2N-R2-Time240_R1.fastq.gz,214M
Harvard_dip_LT_37C_2N-R2-Time240_R2.fastq.gz,239M
Harvard_dip_LT_37C_2N-R2-Time280_R1.fastq.gz,230M
Harvard_dip_LT_37C_2N-R2-Time280_R2.fastq.gz,230M
Harvard_dip_LT_37C_2N-R2-Time320_R1.fastq.gz,29M
Harvard_dip_LT_37C_2N-R2-Time320_R2.fastq.gz,30M
Harvard_dip_LT_37C_2N-R2-Time80_R1.fastq.gz,391M
Harvard_dip_LT_37C_2N-R2-Time80_R2.fastq.gz,407M
Harvard_dip_LT_37C_2N-R2-Time8_R1.fastq.gz,407M
Harvard_dip_LT_37C_2N-R2-Time8_R2.fastq.gz,425M
Harvard_dip_LT_48Hr_2N-R1-Time120_R1.fastq.gz,276M
Harvard_dip_LT_48Hr_2N-R1-Time120_R2.fastq.gz,298M
Harvard_dip_LT_48Hr_2N-R1-Time160_R1.fastq.gz,162M
Harvard_dip_LT_48Hr_2N-R1-Time160_R2.fastq.gz,163M
Harvard_dip_LT_48Hr_2N-R1-Time200_R1.fastq.gz,367M
Harvard_dip_LT_48Hr_2N-R1-Time200_R2.fastq.gz,381M
Harvard_dip_LT_48Hr_2N-R1-Time240_R1.fastq.gz,1.3M
Harvard_dip_LT_48Hr_2N-R1-Time240_R2.fastq.gz,1.4M
Harvard_dip_LT_48Hr_2N-R1-Time280_R1.fastq.gz,361M
Harvard_dip_LT_48Hr_2N-R1-Time280_R2.fastq.gz,377M
Harvard_dip_LT_48Hr_2N-R1-Time320_R1.fastq.gz,312M
Harvard_dip_LT_48Hr_2N-R1-Time320_R2.fastq.gz,318M
Harvard_dip_LT_48Hr_2N-R1-Time80_R1.fastq.gz,1.4M
Harvard_dip_LT_48Hr_2N-R1-Time80_R2.fastq.gz,1.4M
Harvard_dip_LT_48Hr_2N-R1-Time8_R1.fastq.gz,2.2M
Harvard_dip_LT_48Hr_2N-R1-Time8_R2.fastq.gz,2.0M
Harvard_dip_LT_48Hr_2N-R2-Time120_R1.fastq.gz,224M
Harvard_dip_LT_48Hr_2N-R2-Time120_R2.fastq.gz,227M
Harvard_dip_LT_48Hr_2N-R2-Time160_R1.fastq.gz,965K
Harvard_dip_LT_48Hr_2N-R2-Time160_R2.fastq.gz,992K
Harvard_dip_LT_48Hr_2N-R2-Time200_R1.fastq.gz,232M
Harvard_dip_LT_48Hr_2N-R2-Time200_R2.fastq.gz,250M
Harvard_dip_LT_48Hr_2N-R2-Time240_R1.fastq.gz,199M
Harvard_dip_LT_48Hr_2N-R2-Time240_R2.fastq.gz,198M
Harvard_dip_LT_48Hr_2N-R2-Time280_R1.fastq.gz,144M
Harvard_dip_LT_48Hr_2N-R2-Time280_R2.fastq.gz,145M
Harvard_dip_LT_48Hr_2N-R2-Time320_R1.fastq.gz,246M
Harvard_dip_LT_48Hr_2N-R2-Time320_R2.fastq.gz,252M
Harvard_dip_LT_48Hr_2N-R2-Time80_R1.fastq.gz,1.8M
Harvard_dip_LT_48Hr_2N-R2-Time80_R2.fastq.gz,1.8M
Harvard_dip_LT_48Hr_2N-R2-Time8_R1.fastq.gz,329K
Harvard_dip_LT_48Hr_2N-R2-Time8_R2.fastq.gz,332K
Harvard_dip_LT_pH3_8_2N-R1-Time120_R1.fastq.gz,371M
Harvard_dip_LT_pH3_8_2N-R1-Time120_R2.fastq.gz,379M
Harvard_dip_LT_pH3_8_2N-R1-Time160_R1.fastq.gz,402M
Harvard_dip_LT_pH3_8_2N-R1-Time160_R2.fastq.gz,415M
Harvard_dip_LT_pH3_8_2N-R1-Time200_R1.fastq.gz,521M
Harvard_dip_LT_pH3_8_2N-R1-Time200_R2.fastq.gz,535M
Harvard_dip_LT_pH3_8_2N-R1-Time240_R1.fastq.gz,400M
Harvard_dip_LT_pH3_8_2N-R1-Time240_R2.fastq.gz,412M
Harvard_dip_LT_pH3_8_2N-R1-Time280_R1.fastq.gz,298M
Harvard_dip_LT_pH3_8_2N-R1-Time280_R2.fastq.gz,300M
Harvard_dip_LT_pH3_8_2N-R1-Time320_R1.fastq.gz,100K
Harvard_dip_LT_pH3_8_2N-R1-Time320_R2.fastq.gz,103K
Harvard_dip_LT_pH3_8_2N-R1-Time80_R1.fastq.gz,1.2M
Harvard_dip_LT_pH3_8_2N-R1-Time80_R2.fastq.gz,1.2M
Harvard_dip_LT_pH3_8_2N-R1-Time8_R1.fastq.gz,645K
Harvard_dip_LT_pH3_8_2N-R1-Time8_R2.fastq.gz,683K
Harvard_dip_LT_pH3_8_2N-R2-Time120_R1.fastq.gz,341M
Harvard_dip_LT_pH3_8_2N-R2-Time120_R2.fastq.gz,355M
Harvard_dip_LT_pH3_8_2N-R2-Time160_R1.fastq.gz,374M
Harvard_dip_LT_pH3_8_2N-R2-Time160_R2.fastq.gz,403M
Harvard_dip_LT_pH3_8_2N-R2-Time200_R1.fastq.gz,446M
Harvard_dip_LT_pH3_8_2N-R2-Time200_R2.fastq.gz,451M
Harvard_dip_LT_pH3_8_2N-R2-Time240_R1.fastq.gz,623K
Harvard_dip_LT_pH3_8_2N-R2-Time240_R2.fastq.gz,668K
Harvard_dip_LT_pH3_8_2N-R2-Time280_R1.fastq.gz,2.9M
Harvard_dip_LT_pH3_8_2N-R2-Time280_R2.fastq.gz,3.0M
Harvard_dip_LT_pH3_8_2N-R2-Time320_R1.fastq.gz,315K
Harvard_dip_LT_pH3_8_2N-R2-Time320_R2.fastq.gz,325K
Harvard_dip_LT_pH3_8_2N-R2-Time80_R1.fastq.gz,98K
Harvard_dip_LT_pH3_8_2N-R2-Time80_R2.fastq.gz,102K
Harvard_dip_LT_pH3_8_2N-R2-Time8_R1.fastq.gz,338M
Harvard_dip_LT_pH3_8_2N-R2-Time8_R2.fastq.gz,345M
Harvard_dip_LT_pH7_3_2N-R1-Time120_R1.fastq.gz,140M
Harvard_dip_LT_pH7_3_2N-R1-Time120_R2.fastq.gz,145M
Harvard_dip_LT_pH7_3_2N-R1-Time160_R1.fastq.gz,248M
Harvard_dip_LT_pH7_3_2N-R1-Time160_R2.fastq.gz,257M
Harvard_dip_LT_pH7_3_2N-R1-Time200_R1.fastq.gz,319M
Harvard_dip_LT_pH7_3_2N-R1-Time200_R2.fastq.gz,327M
Harvard_dip_LT_pH7_3_2N-R1-Time240_R1.fastq.gz,248M
Harvard_dip_LT_pH7_3_2N-R1-Time240_R2.fastq.gz,260M
Harvard_dip_LT_pH7_3_2N-R1-Time280_R1.fastq.gz,282M
Harvard_dip_LT_pH7_3_2N-R1-Time280_R2.fastq.gz,287M
Harvard_dip_LT_pH7_3_2N-R1-Time320_R1.fastq.gz,274M
Harvard_dip_LT_pH7_3_2N-R1-Time320_R2.fastq.gz,303M
Harvard_dip_LT_pH7_3_2N-R1-Time80_R1.fastq.gz,456M
Harvard_dip_LT_pH7_3_2N-R1-Time80_R2.fastq.gz,466M
Harvard_dip_LT_pH7_3_2N-R1-Time8_R1.fastq.gz,26M
Harvard_dip_LT_pH7_3_2N-R1-Time8_R2.fastq.gz,27M
Harvard_dip_LT_pH7_3_2N-R2-Time120_R1.fastq.gz,357M
Harvard_dip_LT_pH7_3_2N-R2-Time120_R2.fastq.gz,375M
Harvard_dip_LT_pH7_3_2N-R2-Time160_R1.fastq.gz,291M
Harvard_dip_LT_pH7_3_2N-R2-Time160_R2.fastq.gz,299M
Harvard_dip_LT_pH7_3_2N-R2-Time200_R1.fastq.gz,261M
Harvard_dip_LT_pH7_3_2N-R2-Time200_R2.fastq.gz,262M
Harvard_dip_LT_pH7_3_2N-R2-Time240_R1.fastq.gz,226M
Harvard_dip_LT_pH7_3_2N-R2-Time240_R2.fastq.gz,225M
Harvard_dip_LT_pH7_3_2N-R2-Time280_R1.fastq.gz,269M
Harvard_dip_LT_pH7_3_2N-R2-Time280_R2.fastq.gz,276M
Harvard_dip_LT_pH7_3_2N-R2-Time320_R1.fastq.gz,221M
Harvard_dip_LT_pH7_3_2N-R2-Time320_R2.fastq.gz,224M
Harvard_dip_LT_pH7_3_2N-R2-Time80_R1.fastq.gz,462M
Harvard_dip_LT_pH7_3_2N-R2-Time80_R2.fastq.gz,495M
Harvard_dip_LT_pH7_3_2N-R2-Time8_R1.fastq.gz,497M
Harvard_dip_LT_pH7_3_2N-R2-Time8_R2.fastq.gz,493M
Harvard_dip_LT_SC_2N-R1-Time120_R1.fastq.gz,187M
Harvard_dip_LT_SC_2N-R1-Time120_R2.fastq.gz,190M
Harvard_dip_LT_SC_2N-R1-Time160_R1.fastq.gz,1.1M
Harvard_dip_LT_SC_2N-R1-Time160_R2.fastq.gz,1.1M
Harvard_dip_LT_SC_2N-R1-Time200_R1.fastq.gz,295M
Harvard_dip_LT_SC_2N-R1-Time200_R2.fastq.gz,304M
Harvard_dip_LT_SC_2N-R1-Time240_R1.fastq.gz,418M
Harvard_dip_LT_SC_2N-R1-Time240_R2.fastq.gz,422M
Harvard_dip_LT_SC_2N-R1-Time280_R1.fastq.gz,346M
Harvard_dip_LT_SC_2N-R1-Time280_R2.fastq.gz,356M
Harvard_dip_LT_SC_2N-R1-Time320_R1.fastq.gz,363M
Harvard_dip_LT_SC_2N-R1-Time320_R2.fastq.gz,370M
Harvard_dip_LT_SC_2N-R1-Time80_R1.fastq.gz,5.1M
Harvard_dip_LT_SC_2N-R1-Time80_R2.fastq.gz,5.1M
Harvard_dip_LT_SC_2N-R1-Time8_R1.fastq.gz,1.7M
Harvard_dip_LT_SC_2N-R1-Time8_R2.fastq.gz,1.6M
Harvard_dip_LT_SC_2N-R2-Time120_R1.fastq.gz,2.2M
Harvard_dip_LT_SC_2N-R2-Time120_R2.fastq.gz,2.3M
Harvard_dip_LT_SC_2N-R2-Time160_R1.fastq.gz,72K
Harvard_dip_LT_SC_2N-R2-Time160_R2.fastq.gz,78K
Harvard_dip_LT_SC_2N-R2-Time200_R1.fastq.gz,502M
Harvard_dip_LT_SC_2N-R2-Time200_R2.fastq.gz,509M
Harvard_dip_LT_SC_2N-R2-Time240_R1.fastq.gz,279M
Harvard_dip_LT_SC_2N-R2-Time240_R2.fastq.gz,283M
Harvard_dip_LT_SC_2N-R2-Time280_R1.fastq.gz,340M
Harvard_dip_LT_SC_2N-R2-Time280_R2.fastq.gz,347M
Harvard_dip_LT_SC_2N-R2-Time320_R1.fastq.gz,398M
Harvard_dip_LT_SC_2N-R2-Time320_R2.fastq.gz,410M
Harvard_dip_LT_SC_2N-R2-Time80_R1.fastq.gz,2.5M
Harvard_dip_LT_SC_2N-R2-Time80_R2.fastq.gz,2.6M
Harvard_dip_LT_SC_2N-R2-Time8_R1.fastq.gz,529M
Harvard_dip_LT_SC_2N-R2-Time8_R2.fastq.gz,544M
Harvard_dip_LT_YPD_2N-R1-Time120_R1.fastq.gz,360M
Harvard_dip_LT_YPD_2N-R1-Time120_R2.fastq.gz,365M
Harvard_dip_LT_YPD_2N-R1-Time160_R1.fastq.gz,616M
Harvard_dip_LT_YPD_2N-R1-Time160_R2.fastq.gz,626M
Harvard_dip_LT_YPD_2N-R1-Time200_R1.fastq.gz,449M
Harvard_dip_LT_YPD_2N-R1-Time200_R2.fastq.gz,464M
Harvard_dip_LT_YPD_2N-R1-Time240_R1.fastq.gz,394M
Harvard_dip_LT_YPD_2N-R1-Time240_R2.fastq.gz,404M
Harvard_dip_LT_YPD_2N-R1-Time280_R1.fastq.gz,377M
Harvard_dip_LT_YPD_2N-R1-Time280_R2.fastq.gz,394M
Harvard_dip_LT_YPD_2N-R1-Time320_R1.fastq.gz,405M
Harvard_dip_LT_YPD_2N-R1-Time320_R2.fastq.gz,418M
Harvard_dip_LT_YPD_2N-R1-Time80_R1.fastq.gz,436M
Harvard_dip_LT_YPD_2N-R1-Time80_R2.fastq.gz,436M
Harvard_dip_LT_YPD_2N-R1-Time8_R1.fastq.gz,289M
Harvard_dip_LT_YPD_2N-R1-Time8_R2.fastq.gz,295M
Harvard_dip_LT_YPD_2N-R2-Time120_R1.fastq.gz,291M
Harvard_dip_LT_YPD_2N-R2-Time120_R2.fastq.gz,295M
Harvard_dip_LT_YPD_2N-R2-Time160_R1.fastq.gz,253M
Harvard_dip_LT_YPD_2N-R2-Time160_R2.fastq.gz,258M
Harvard_dip_LT_YPD_2N-R2-Time200_R1.fastq.gz,993M
Harvard_dip_LT_YPD_2N-R2-Time200_R2.fastq.gz,621M
Harvard_dip_LT_YPD_2N-R2-Time240_R1.fastq.gz,492M
Harvard_dip_LT_YPD_2N-R2-Time240_R2.fastq.gz,513M
Harvard_dip_LT_YPD_2N-R2-Time280_R1.fastq.gz,408M
Harvard_dip_LT_YPD_2N-R2-Time280_R2.fastq.gz,420M
Harvard_dip_LT_YPD_2N-R2-Time320_R1.fastq.gz,541M
Harvard_dip_LT_YPD_2N-R2-Time320_R2.fastq.gz,534M
Harvard_dip_LT_YPD_2N-R2-Time80_R1.fastq.gz,275M
Harvard_dip_LT_YPD_2N-R2-Time80_R2.fastq.gz,289M
Harvard_dip_LT_YPD_2N-R2-Time8_R1.fastq.gz,225M
Harvard_dip_LT_YPD_2N-R2-Time8_R2.fastq.gz,236M
hBFA1-21C_alpha-R1-Subpool_S18_R1_001.fastq.gz,35M
hBFA1-21C_alpha-R2-Subpool_S19_R1_001.fastq.gz,32M
hBFA1-37C_alpha-R1-Subpool_S8_R1_001.fastq.gz,13M
hBFA1-37C_alpha-R2-Subpool_S9_R1_001.fastq.gz,14M
hBFA1-CLM_alpha-R1-Subpool_S16_R1_001.fastq.gz,17M
hBFA1-CLM_alpha-R2-Subpool_S17_R1_001.fastq.gz,17M
hBFA1-FLC4_alpha-R1-Subpool_S14_R1_001.fastq.gz,7.8M
hBFA1-FLC4_alpha-R2-Subpool_S15_R1_001.fastq.gz,3.3M
hBFA1-GlyEtOH_alpha-R1-autodiploids_S38_R1_001.fastq.gz,9.2M
hBFA1-GlyEtOH_alpha-R1-Subpool_S36_R1_001.fastq.gz,23M
hBFA1-GlyEtOH_alpha-R2-autodiploids_S39_R1_001.fastq.gz,11M
hBFA1-GlyEtOH_alpha-R2-Subpool_S37_R1_001.fastq.gz,39M
hBFA1_h1_hBFA1-21C-R1-Time16_R1.fastq.gz,99M
hBFA1_h1_hBFA1-21C-R1-Time16_R2.fastq.gz,80M
hBFA1_h1_hBFA1-21C-R1-Time24_R1.fastq.gz,94M
hBFA1_h1_hBFA1-21C-R1-Time24_R2.fastq.gz,76M
hBFA1_h1_hBFA1-21C-R1-Time40_R1.fastq.gz,92M
hBFA1_h1_hBFA1-21C-R1-Time40_R2.fastq.gz,75M
hBFA1_h1_hBFA1-21C-R1-Time8_R1.fastq.gz,87M
hBFA1_h1_hBFA1-21C-R1-Time8_R2.fastq.gz,71M
hBFA1_h1_hBFA1-21C-R2-Time16_R1.fastq.gz,98M
hBFA1_h1_hBFA1-21C-R2-Time16_R2.fastq.gz,79M
hBFA1_h1_hBFA1-21C-R2-Time24_R1.fastq.gz,93M
hBFA1_h1_hBFA1-21C-R2-Time24_R2.fastq.gz,74M
hBFA1_h1_hBFA1-21C-R2-Time40_R1.fastq.gz,107M
hBFA1_h1_hBFA1-21C-R2-Time40_R2.fastq.gz,87M
hBFA1_h1_hBFA1-21C-R2-Time8_R1.fastq.gz,97M
hBFA1_h1_hBFA1-21C-R2-Time8_R2.fastq.gz,79M
hBFA1_h1_hBFA1-37C-R1-Time16_R1.fastq.gz,92M
hBFA1_h1_hBFA1-37C-R1-Time16_R2.fastq.gz,76M
hBFA1_h1_hBFA1-37C-R1-Time24_R1.fastq.gz,94M
hBFA1_h1_hBFA1-37C-R1-Time24_R2.fastq.gz,77M
hBFA1_h1_hBFA1-37C-R1-Time40_R1.fastq.gz,125M
hBFA1_h1_hBFA1-37C-R1-Time40_R2.fastq.gz,110M
hBFA1_h1_hBFA1-37C-R1-Time8_R1.fastq.gz,86M
hBFA1_h1_hBFA1-37C-R1-Time8_R2.fastq.gz,69M
hBFA1_h1_hBFA1-37C-R2-Time16_R1.fastq.gz,109M
hBFA1_h1_hBFA1-37C-R2-Time16_R2.fastq.gz,89M
hBFA1_h1_hBFA1-37C-R2-Time24_R1.fastq.gz,90M
hBFA1_h1_hBFA1-37C-R2-Time24_R2.fastq.gz,73M
hBFA1_h1_hBFA1-37C-R2-Time40_R1.fastq.gz,97M
hBFA1_h1_hBFA1-37C-R2-Time40_R2.fastq.gz,79M
hBFA1_h1_hBFA1-37C-R2-Time8_R1.fastq.gz,110M
hBFA1_h1_hBFA1-37C-R2-Time8_R2.fastq.gz,90M
hBFA1_h1_hBFA1-pH3_8-R1-Time16_R1.fastq.gz,102M
hBFA1_h1_hBFA1-pH3_8-R1-Time16_R2.fastq.gz,81M
hBFA1_h1_hBFA1-pH3_8-R1-Time24_R1.fastq.gz,116M
hBFA1_h1_hBFA1-pH3_8-R1-Time24_R2.fastq.gz,94M
hBFA1_h1_hBFA1-pH3_8-R1-Time40_R1.fastq.gz,104M
hBFA1_h1_hBFA1-pH3_8-R1-Time40_R2.fastq.gz,84M
hBFA1_h1_hBFA1-pH3_8-R1-Time8_R1.fastq.gz,93M
hBFA1_h1_hBFA1-pH3_8-R1-Time8_R2.fastq.gz,75M
hBFA1_h1_hBFA1-pH3_8-R2-Time16_R1.fastq.gz,113M
hBFA1_h1_hBFA1-pH3_8-R2-Time16_R2.fastq.gz,92M
hBFA1_h1_hBFA1-pH3_8-R2-Time24_R1.fastq.gz,134M
hBFA1_h1_hBFA1-pH3_8-R2-Time24_R2.fastq.gz,108M
hBFA1_h1_hBFA1-pH3_8-R2-Time40_R1.fastq.gz,138M
hBFA1_h1_hBFA1-pH3_8-R2-Time40_R2.fastq.gz,110M
hBFA1_h1_hBFA1-pH3_8-R2-Time8_R1.fastq.gz,100M
hBFA1_h1_hBFA1-pH3_8-R2-Time8_R2.fastq.gz,79M
hBFA1_h1_hBFA1-pH7_3-R1-Time16_R1.fastq.gz,104M
hBFA1_h1_hBFA1-pH7_3-R1-Time16_R2.fastq.gz,83M
hBFA1_h1_hBFA1-pH7_3-R1-Time24_R1.fastq.gz,117M
hBFA1_h1_hBFA1-pH7_3-R1-Time24_R2.fastq.gz,94M
hBFA1_h1_hBFA1-pH7_3-R1-Time40_R1.fastq.gz,141M
hBFA1_h1_hBFA1-pH7_3-R1-Time40_R2.fastq.gz,117M
hBFA1_h1_hBFA1-pH7_3-R1-Time8_R1.fastq.gz,114M
hBFA1_h1_hBFA1-pH7_3-R1-Time8_R2.fastq.gz,93M
hBFA1_h1_hBFA1-pH7_3-R2-Time16_R1.fastq.gz,123M
hBFA1_h1_hBFA1-pH7_3-R2-Time16_R2.fastq.gz,99M
hBFA1_h1_hBFA1-pH7_3-R2-Time24_R1.fastq.gz,119M
hBFA1_h1_hBFA1-pH7_3-R2-Time24_R2.fastq.gz,96M
hBFA1_h1_hBFA1-pH7_3-R2-Time40_R1.fastq.gz,127M
hBFA1_h1_hBFA1-pH7_3-R2-Time40_R2.fastq.gz,102M
hBFA1_h1_hBFA1-pH7_3-R2-Time8_R1.fastq.gz,126M
hBFA1_h1_hBFA1-pH7_3-R2-Time8_R2.fastq.gz,101M
hBFA1_h1_hBFA1-POOL_R1.fastq.gz,795M
hBFA1_h1_hBFA1-POOL_R2.fastq.gz,643M
hBFA1_h1_hBFA1-SC-R1-Time16_R1.fastq.gz,77M
hBFA1_h1_hBFA1-SC-R1-Time16_R2.fastq.gz,62M
hBFA1_h1_hBFA1-SC-R1-Time24_R1.fastq.gz,80M
hBFA1_h1_hBFA1-SC-R1-Time24_R2.fastq.gz,66M
hBFA1_h1_hBFA1-SC-R1-Time40_R1.fastq.gz,75M
hBFA1_h1_hBFA1-SC-R1-Time40_R2.fastq.gz,61M
hBFA1_h1_hBFA1-SC-R1-Time8_R1.fastq.gz,86M
hBFA1_h1_hBFA1-SC-R1-Time8_R2.fastq.gz,69M
hBFA1_h1_hBFA1-SC-R2-Time16_R1.fastq.gz,88M
hBFA1_h1_hBFA1-SC-R2-Time16_R2.fastq.gz,71M
hBFA1_h1_hBFA1-SC-R2-Time24_R1.fastq.gz,86M
hBFA1_h1_hBFA1-SC-R2-Time24_R2.fastq.gz,69M
hBFA1_h1_hBFA1-SC-R2-Time40_R1.fastq.gz,82M
hBFA1_h1_hBFA1-SC-R2-Time40_R2.fastq.gz,66M
hBFA1_h1_hBFA1-SC-R2-Time8_R1.fastq.gz,89M
hBFA1_h1_hBFA1-SC-R2-Time8_R2.fastq.gz,72M
hBFA1_h1_hBFA1-YPD-R1-Time16_R1.fastq.gz,86M
hBFA1_h1_hBFA1-YPD-R1-Time16_R2.fastq.gz,70M
hBFA1_h1_hBFA1-YPD-R1-Time24_R1.fastq.gz,153M
hBFA1_h1_hBFA1-YPD-R1-Time24_R2.fastq.gz,122M
hBFA1_h1_hBFA1-YPD-R1-Time40_R1.fastq.gz,80M
hBFA1_h1_hBFA1-YPD-R1-Time40_R2.fastq.gz,64M
hBFA1_h1_hBFA1-YPD-R1-Time8_R1.fastq.gz,61M
hBFA1_h1_hBFA1-YPD-R1-Time8_R2.fastq.gz,50M
hBFA1_h1_hBFA1-YPD-R2-Time16_R1.fastq.gz,92M
hBFA1_h1_hBFA1-YPD-R2-Time16_R2.fastq.gz,74M
hBFA1_h1_hBFA1-YPD-R2-Time24_R1.fastq.gz,85M
hBFA1_h1_hBFA1-YPD-R2-Time24_R2.fastq.gz,67M
hBFA1_h1_hBFA1-YPD-R2-Time40_R1.fastq.gz,86M
hBFA1_h1_hBFA1-YPD-R2-Time40_R2.fastq.gz,70M
hBFA1_h1_hBFA1-YPD-R2-Time8_R1.fastq.gz,78M
hBFA1_h1_hBFA1-YPD-R2-Time8_R2.fastq.gz,63M
hBFA1_h2_hBFA1-48Hr-R1-Time16_R1.fastq.gz,116M
hBFA1_h2_hBFA1-48Hr-R1-Time16_R2.fastq.gz,92M
hBFA1_h2_hBFA1-48Hr-R1-Time24_R1.fastq.gz,107M
hBFA1_h2_hBFA1-48Hr-R1-Time24_R2.fastq.gz,84M
hBFA1_h2_hBFA1-48Hr-R1-Time40_R1.fastq.gz,144M
hBFA1_h2_hBFA1-48Hr-R1-Time40_R2.fastq.gz,116M
hBFA1_h2_hBFA1-48Hr-R1-Time8_R1.fastq.gz,79M
hBFA1_h2_hBFA1-48Hr-R1-Time8_R2.fastq.gz,65M
hBFA1_h2_hBFA1-48Hr-R2-Time16_R1.fastq.gz,117M
hBFA1_h2_hBFA1-48Hr-R2-Time16_R2.fastq.gz,95M
hBFA1_h2_hBFA1-48Hr-R2-Time24_R1.fastq.gz,124M
hBFA1_h2_hBFA1-48Hr-R2-Time24_R2.fastq.gz,98M
hBFA1_h2_hBFA1-48Hr-R2-Time40_R1.fastq.gz,113M
hBFA1_h2_hBFA1-48Hr-R2-Time40_R2.fastq.gz,87M
hBFA1_h2_hBFA1-48Hr-R2-Time8_R1.fastq.gz,144M
hBFA1_h2_hBFA1-48Hr-R2-Time8_R2.fastq.gz,112M
hBFA1_h2_hBFA1-FLC4-R2-Time16_R1.fastq.gz,19M
hBFA1_h2_hBFA1-FLC4-R2-Time16_R2.fastq.gz,16M
hBFA1_h2_hBFA1-FLC4-R2-Time24_R1.fastq.gz,25M
hBFA1_h2_hBFA1-FLC4-R2-Time24_R2.fastq.gz,20M
hBFA1_h2_hBFA1-FLC4-R2-Time40_R1.fastq.gz,27M
hBFA1_h2_hBFA1-FLC4-R2-Time40_R2.fastq.gz,21M
hBFA1_h2_hBFA1-FLC4-R2-Time8_R1.fastq.gz,46M
hBFA1_h2_hBFA1-FLC4-R2-Time8_R2.fastq.gz,36M
hBFA1_h2_hBFA1-GlyEtOH-R1-Time16_R1.fastq.gz,84M
hBFA1_h2_hBFA1-GlyEtOH-R1-Time16_R2.fastq.gz,66M
hBFA1_h2_hBFA1-GlyEtOH-R1-Time24_R1.fastq.gz,61M
hBFA1_h2_hBFA1-GlyEtOH-R1-Time24_R2.fastq.gz,49M
hBFA1_h2_hBFA1-GlyEtOH-R1-Time40_R1.fastq.gz,119M
hBFA1_h2_hBFA1-GlyEtOH-R1-Time40_R2.fastq.gz,96M
hBFA1_h2_hBFA1-GlyEtOH-R1-Time8_R1.fastq.gz,89M
hBFA1_h2_hBFA1-GlyEtOH-R1-Time8_R2.fastq.gz,72M
hBFA1_h2_hBFA1-GlyEtOH-R2-Time16_R1.fastq.gz,176M
hBFA1_h2_hBFA1-GlyEtOH-R2-Time16_R2.fastq.gz,140M
hBFA1_h2_hBFA1-GlyEtOH-R2-Time24_R1.fastq.gz,149M
hBFA1_h2_hBFA1-GlyEtOH-R2-Time24_R2.fastq.gz,122M
hBFA1_h2_hBFA1-GlyEtOH-R2-Time40_R1.fastq.gz,113M
hBFA1_h2_hBFA1-GlyEtOH-R2-Time40_R2.fastq.gz,90M
hBFA1_h2_hBFA1-GlyEtOH-R2-Time8_R1.fastq.gz,124M
hBFA1_h2_hBFA1-GlyEtOH-R2-Time8_R2.fastq.gz,105M
hBFA1-pH3_8_alpha-R1-Subpool_S10_R1_001.fastq.gz,9.4M
hBFA1-pH3_8_alpha-R2-Subpool_S11_R1_001.fastq.gz,8.8M
hBFA1-pH7_3_alpha-R1-Subpool_S12_R1_001.fastq.gz,5.8M
hBFA1-pH7_3_alpha-R2-Subpool_S13_R1_001.fastq.gz,15M
hBFA1-SC_alpha-R1-Subpool_S6_R1_001.fastq.gz,15M
hBFA1-SC_alpha-R2-Subpool_S7_R1_001.fastq.gz,13M
hBFA1-YPD_alpha-R1-Subpool_S4_R1_001.fastq.gz,9.7M
hBFA1-YPD_alpha-R2-Subpool_S5_R1_001.fastq.gz,8.4M
hBFA2-02M_NaCl_alpha-R1-Subpool_S28_R1_001.fastq.gz,15M
hBFA2-08M_NaCl_alpha-R2-Subpool_S29_R1_001.fastq.gz,40M
hBFA2-21C_alpha-R1-Subpool_S31_R1_001.fastq.gz,33M
hBFA2-37C_alpha-R1-Subpool_S24_R1_001.fastq.gz,16M
hBFA2-CLM_2N-R1-Subpool_S40_R1_001.fastq.gz,29M
hBFA2-CLM_alpha-R1-Subpool_S26_R1_001.fastq.gz,37M
hBFA2_dBFA2_h2_dBFA2-37C-R1-Time16_R1.fastq.gz,437M
hBFA2_dBFA2_h2_dBFA2-37C-R1-Time16_R2.fastq.gz,442M
hBFA2_dBFA2_h2_dBFA2-37C-R3-Time32_R1.fastq.gz,180M
hBFA2_dBFA2_h2_dBFA2-37C-R3-Time32_R2.fastq.gz,185M
hBFA2_dBFA2_h2_dBFA2-48Hr-R1-Time8_R1.fastq.gz,4.4M
hBFA2_dBFA2_h2_dBFA2-48Hr-R1-Time8_R2.fastq.gz,4.4M
hBFA2_dBFA2_h2_dBFA2-48Hr-R3-Time32_R1.fastq.gz,49M
hBFA2_dBFA2_h2_dBFA2-48Hr-R3-Time32_R2.fastq.gz,51M
hBFA2_dBFA2_h2_dBFA2-pH3_8-R1-Time32_R1.fastq.gz,186M
hBFA2_dBFA2_h2_dBFA2-pH3_8-R1-Time32_R2.fastq.gz,194M
hBFA2_dBFA2_h2_dBFA2-pH3_8-R2-Time16_R1.fastq.gz,247M
hBFA2_dBFA2_h2_dBFA2-pH3_8-R2-Time16_R2.fastq.gz,264M
hBFA2_dBFA2_h2_dBFA2-pH3_8-R2-Time24_R1.fastq.gz,287M
hBFA2_dBFA2_h2_dBFA2-pH3_8-R2-Time24_R2.fastq.gz,297M
hBFA2_dBFA2_h2_dBFA2-pH3_8-R2-Time32_R1.fastq.gz,209M
hBFA2_dBFA2_h2_dBFA2-pH3_8-R2-Time32_R2.fastq.gz,220M
hBFA2_dBFA2_h2_dBFA2-pH3_8-R2-Time40_R1.fastq.gz,191M
hBFA2_dBFA2_h2_dBFA2-pH3_8-R2-Time40_R2.fastq.gz,202M
hBFA2_dBFA2_h2_dBFA2-pH7_3-R2-Time16_R1.fastq.gz,264M
hBFA2_dBFA2_h2_dBFA2-pH7_3-R2-Time16_R2.fastq.gz,282M
hBFA2_dBFA2_h2_dBFA2-SC-R1-Time16_R1.fastq.gz,156M
hBFA2_dBFA2_h2_dBFA2-SC-R1-Time16_R2.fastq.gz,163M
hBFA2_dBFA2_h2_dBFA2-SC-R2-Time40_R1.fastq.gz,173M
hBFA2_dBFA2_h2_dBFA2-SC-R2-Time40_R2.fastq.gz,178M
hBFA2_dBFA2_h2_dBFA2-YPD-R1-Time40_R1.fastq.gz,297M
hBFA2_dBFA2_h2_dBFA2-YPD-R1-Time40_R2.fastq.gz,315M
hBFA2_dBFA2_h2_hBFA2-37C-R1-Time8_R1.fastq.gz,157M
hBFA2_dBFA2_h2_hBFA2-37C-R1-Time8_R2.fastq.gz,165M
hBFA2_dBFA2_h2_hBFA2-37C-R2-Time16_R1.fastq.gz,233M
hBFA2_dBFA2_h2_hBFA2-37C-R2-Time16_R2.fastq.gz,246M
hBFA2_dBFA2_h2_hBFA2-37C-R2-Time24_R1.fastq.gz,225M
hBFA2_dBFA2_h2_hBFA2-37C-R2-Time24_R2.fastq.gz,238M
hBFA2_dBFA2_h2_hBFA2-37C-R2-Time32_R1.fastq.gz,238M
hBFA2_dBFA2_h2_hBFA2-37C-R2-Time32_R2.fastq.gz,249M
hBFA2_dBFA2_h2_hBFA2-37C-R2-Time40_R1.fastq.gz,78M
hBFA2_dBFA2_h2_hBFA2-37C-R2-Time40_R2.fastq.gz,79M
hBFA2_dBFA2_h2_hBFA2-37C-R2-Time8_R1.fastq.gz,50M
hBFA2_dBFA2_h2_hBFA2-37C-R2-Time8_R2.fastq.gz,52M
hBFA2_dBFA2_h2_hBFA2-37C-R3-Time16_R1.fastq.gz,88M
hBFA2_dBFA2_h2_hBFA2-37C-R3-Time16_R2.fastq.gz,90M
hBFA2_dBFA2_h2_hBFA2-37C-R3-Time24_R1.fastq.gz,290M
hBFA2_dBFA2_h2_hBFA2-37C-R3-Time24_R2.fastq.gz,306M
hBFA2_dBFA2_h2_hBFA2-37C-R3-Time32_R1.fastq.gz,335M
hBFA2_dBFA2_h2_hBFA2-37C-R3-Time32_R2.fastq.gz,347M
hBFA2_dBFA2_h2_hBFA2-37C-R3-Time40_R1.fastq.gz,224M
hBFA2_dBFA2_h2_hBFA2-37C-R3-Time40_R2.fastq.gz,229M
hBFA2_dBFA2_h2_hBFA2-37C-R3-Time8_R1.fastq.gz,236M
hBFA2_dBFA2_h2_hBFA2-37C-R3-Time8_R2.fastq.gz,246M
hBFA2_dBFA2_h2_hBFA2-48Hr-R1-Time16_R1.fastq.gz,144M
hBFA2_dBFA2_h2_hBFA2-48Hr-R1-Time16_R2.fastq.gz,150M
hBFA2_dBFA2_h2_hBFA2-48Hr-R1-Time24_R1.fastq.gz,104M
hBFA2_dBFA2_h2_hBFA2-48Hr-R1-Time24_R2.fastq.gz,108M
hBFA2_dBFA2_h2_hBFA2-48Hr-R1-Time40_R1.fastq.gz,114M
hBFA2_dBFA2_h2_hBFA2-48Hr-R1-Time40_R2.fastq.gz,119M
hBFA2_dBFA2_h2_hBFA2-48Hr-R2-Time16_R1.fastq.gz,174M
hBFA2_dBFA2_h2_hBFA2-48Hr-R2-Time16_R2.fastq.gz,156M
hBFA2_dBFA2_h2_hBFA2-48Hr-R2-Time32_R1.fastq.gz,287M
hBFA2_dBFA2_h2_hBFA2-48Hr-R2-Time32_R2.fastq.gz,299M
hBFA2_dBFA2_h2_hBFA2-48Hr-R2-Time40_R1.fastq.gz,215M
hBFA2_dBFA2_h2_hBFA2-48Hr-R2-Time40_R2.fastq.gz,230M
hBFA2_dBFA2_h2_hBFA2-pH3_8-R1-Time16_R1.fastq.gz,408M
hBFA2_dBFA2_h2_hBFA2-pH3_8-R1-Time16_R2.fastq.gz,438M
hBFA2_dBFA2_h2_hBFA2-pH3_8-R1-Time32_R1.fastq.gz,298M
hBFA2_dBFA2_h2_hBFA2-pH3_8-R1-Time32_R2.fastq.gz,309M
hBFA2_dBFA2_h2_hBFA2-pH3_8-R2-Time16_R1.fastq.gz,321M
hBFA2_dBFA2_h2_hBFA2-pH3_8-R2-Time16_R2.fastq.gz,333M
hBFA2_dBFA2_h2_hBFA2-pH3_8-R2-Time24_R1.fastq.gz,220M
hBFA2_dBFA2_h2_hBFA2-pH3_8-R2-Time24_R2.fastq.gz,226M
hBFA2_dBFA2_h2_hBFA2-pH3_8-R2-Time32_R1.fastq.gz,257M
hBFA2_dBFA2_h2_hBFA2-pH3_8-R2-Time32_R2.fastq.gz,270M
hBFA2_dBFA2_h2_hBFA2-pH3_8-R2-Time40_R1.fastq.gz,264M
hBFA2_dBFA2_h2_hBFA2-pH3_8-R2-Time40_R2.fastq.gz,274M
hBFA2_dBFA2_h2_hBFA2-pH3_8-R2-Time8_R1.fastq.gz,166M
hBFA2_dBFA2_h2_hBFA2-pH3_8-R2-Time8_R2.fastq.gz,177M
hBFA2_dBFA2_h2_hBFA2-pH3_8-R3-Time16_R1.fastq.gz,266M
hBFA2_dBFA2_h2_hBFA2-pH3_8-R3-Time16_R2.fastq.gz,277M
hBFA2_dBFA2_h2_hBFA2-pH3_8-R3-Time24_R1.fastq.gz,55M
hBFA2_dBFA2_h2_hBFA2-pH3_8-R3-Time24_R2.fastq.gz,57M
hBFA2_dBFA2_h2_hBFA2-pH3_8-R3-Time32_R1.fastq.gz,79M
hBFA2_dBFA2_h2_hBFA2-pH3_8-R3-Time32_R2.fastq.gz,81M
hBFA2_dBFA2_h2_hBFA2-pH3_8-R3-Time40_R1.fastq.gz,215M
hBFA2_dBFA2_h2_hBFA2-pH3_8-R3-Time40_R2.fastq.gz,222M
hBFA2_dBFA2_h2_hBFA2-pH3_8-R3-Time8_R1.fastq.gz,214M
hBFA2_dBFA2_h2_hBFA2-pH3_8-R3-Time8_R2.fastq.gz,226M
hBFA2_dBFA2_h2_hBFA2-pH7_3-R3-Time16_R1.fastq.gz,285M
hBFA2_dBFA2_h2_hBFA2-pH7_3-R3-Time16_R2.fastq.gz,303M
hBFA2_dBFA2_h2_hBFA2-pH7_3-R3-Time24_R1.fastq.gz,8.8M
hBFA2_dBFA2_h2_hBFA2-pH7_3-R3-Time24_R2.fastq.gz,8.6M
hBFA2_dBFA2_h2_hBFA2-pH7_3-R3-Time32_R1.fastq.gz,215M
hBFA2_dBFA2_h2_hBFA2-pH7_3-R3-Time32_R2.fastq.gz,187M
hBFA2_dBFA2_h2_hBFA2-pH7_3-R3-Time40_R1.fastq.gz,252M
hBFA2_dBFA2_h2_hBFA2-pH7_3-R3-Time40_R2.fastq.gz,263M
hBFA2_dBFA2_h2_hBFA2-pH7_3-R3-Time8_R1.fastq.gz,188M
hBFA2_dBFA2_h2_hBFA2-pH7_3-R3-Time8_R2.fastq.gz,196M
hBFA2_dBFA2_h2_hBFA2-SC-R1-Time32_R1.fastq.gz,262M
hBFA2_dBFA2_h2_hBFA2-SC-R1-Time32_R2.fastq.gz,276M
hBFA2_dBFA2_h2_hBFA2-SC-R1-Time8_R1.fastq.gz,206M
hBFA2_dBFA2_h2_hBFA2-SC-R1-Time8_R2.fastq.gz,216M
hBFA2_dBFA2_h2_hBFA2-SC-R2-Time16_R1.fastq.gz,262M
hBFA2_dBFA2_h2_hBFA2-SC-R2-Time16_R2.fastq.gz,265M
hBFA2_dBFA2_h2_hBFA2-SC-R2-Time24_R1.fastq.gz,133M
hBFA2_dBFA2_h2_hBFA2-SC-R2-Time24_R2.fastq.gz,139M
hBFA2_dBFA2_h2_hBFA2-SC-R2-Time32_R1.fastq.gz,273M
hBFA2_dBFA2_h2_hBFA2-SC-R2-Time32_R2.fastq.gz,289M
hBFA2_dBFA2_h2_hBFA2-SC-R2-Time40_R1.fastq.gz,207M
hBFA2_dBFA2_h2_hBFA2-SC-R2-Time40_R2.fastq.gz,217M
hBFA2_dBFA2_h2_hBFA2-SC-R2-Time8_R1.fastq.gz,284M
hBFA2_dBFA2_h2_hBFA2-SC-R2-Time8_R2.fastq.gz,301M
hBFA2_dBFA2_h2_hBFA2-SC-R3-Time16_R1.fastq.gz,129M
hBFA2_dBFA2_h2_hBFA2-SC-R3-Time16_R2.fastq.gz,135M
hBFA2_dBFA2_h2_hBFA2-SC-R3-Time24_R1.fastq.gz,291M
hBFA2_dBFA2_h2_hBFA2-SC-R3-Time24_R2.fastq.gz,304M
hBFA2_dBFA2_h2_hBFA2-SC-R3-Time32_R1.fastq.gz,247M
hBFA2_dBFA2_h2_hBFA2-SC-R3-Time32_R2.fastq.gz,262M
hBFA2_dBFA2_h2_hBFA2-SC-R3-Time40_R1.fastq.gz,189M
hBFA2_dBFA2_h2_hBFA2-SC-R3-Time40_R2.fastq.gz,194M
hBFA2_dBFA2_h2_hBFA2-SC-R3-Time8_R1.fastq.gz,260M
hBFA2_dBFA2_h2_hBFA2-SC-R3-Time8_R2.fastq.gz,219M
hBFA2_dBFA2_h2_hBFA2-YPD-R3-Time16_R1.fastq.gz,243M
hBFA2_dBFA2_h2_hBFA2-YPD-R3-Time16_R2.fastq.gz,254M
hBFA2_dBFA2_h2_hBFA2-YPD-R3-Time24_R1.fastq.gz,164M
hBFA2_dBFA2_h2_hBFA2-YPD-R3-Time24_R2.fastq.gz,170M
hBFA2_dBFA2_h2_hBFA2-YPD-R3-Time32_R1.fastq.gz,238M
hBFA2_dBFA2_h2_hBFA2-YPD-R3-Time32_R2.fastq.gz,251M
hBFA2_dBFA2_h2_hBFA2-YPD-R3-Time40_R1.fastq.gz,246M
hBFA2_dBFA2_h2_hBFA2-YPD-R3-Time40_R2.fastq.gz,257M
hBFA2_dBFA2_h2_hBFA2-YPD-R3-Time8_R1.fastq.gz,155M
hBFA2_dBFA2_h2_hBFA2-YPD-R3-Time8_R2.fastq.gz,158M
hBFA2-FLC4_2N-R1-Subpool_S27_R1_001.fastq.gz,30M
hBFA2-FLC4_alpha-R1-Subpool_S30_R1_001.fastq.gz,42M
hBFA2-GlyEtOH_2N-R1-Subpool_S35_R1_001.fastq.gz,28M
hBFA2-GlyEtOH_alpha-R1-Subpool_S25_R1_001.fastq.gz,22M
hBFA2_h1_hBFA2-37C-R1-Time16_R1.fastq.gz,136M
hBFA2_h1_hBFA2-37C-R1-Time16_R2.fastq.gz,139M
hBFA2_h1_hBFA2-37C-R1-Time24_R1.fastq.gz,145M
hBFA2_h1_hBFA2-37C-R1-Time24_R2.fastq.gz,147M
hBFA2_h1_hBFA2-37C-R1-Time32_R1.fastq.gz,171M
hBFA2_h1_hBFA2-37C-R1-Time32_R2.fastq.gz,169M
hBFA2_h1_hBFA2-37C-R1-Time40_R1.fastq.gz,139M
hBFA2_h1_hBFA2-37C-R1-Time40_R2.fastq.gz,137M
hBFA2_h1_hBFA2-pH3_8-R1-Time24_R1.fastq.gz,157M
hBFA2_h1_hBFA2-pH3_8-R1-Time24_R2.fastq.gz,158M
hBFA2_h1_hBFA2-pH3_8-R1-Time40_R1.fastq.gz,113M
hBFA2_h1_hBFA2-pH3_8-R1-Time40_R2.fastq.gz,113M
hBFA2_h1_hBFA2-pH3_8-R1-Time8_R1.fastq.gz,78M
hBFA2_h1_hBFA2-pH3_8-R1-Time8_R2.fastq.gz,77M
hBFA2_h1_hBFA2-pH7_3-R1-Time16_R1.fastq.gz,134M
hBFA2_h1_hBFA2-pH7_3-R1-Time16_R2.fastq.gz,129M
hBFA2_h1_hBFA2-pH7_3-R1-Time24_R1.fastq.gz,118M
hBFA2_h1_hBFA2-pH7_3-R1-Time24_R2.fastq.gz,118M
hBFA2_h1_hBFA2-pH7_3-R1-Time32_R1.fastq.gz,146M
hBFA2_h1_hBFA2-pH7_3-R1-Time32_R2.fastq.gz,148M
hBFA2_h1_hBFA2-pH7_3-R1-Time40_R1.fastq.gz,158M
hBFA2_h1_hBFA2-pH7_3-R1-Time40_R2.fastq.gz,159M
hBFA2_h1_hBFA2-pH7_3-R1-Time8_R1.fastq.gz,153M
hBFA2_h1_hBFA2-pH7_3-R1-Time8_R2.fastq.gz,149M
hBFA2_h1_hBFA2-pH7_3-R2-Time16_R1.fastq.gz,47M
hBFA2_h1_hBFA2-pH7_3-R2-Time16_R2.fastq.gz,45M
hBFA2_h1_hBFA2-pH7_3-R2-Time24_R1.fastq.gz,282M
hBFA2_h1_hBFA2-pH7_3-R2-Time24_R2.fastq.gz,276M
hBFA2_h1_hBFA2-pH7_3-R2-Time32_R1.fastq.gz,229M
hBFA2_h1_hBFA2-pH7_3-R2-Time32_R2.fastq.gz,227M
hBFA2_h1_hBFA2-pH7_3-R2-Time40_R1.fastq.gz,202M
hBFA2_h1_hBFA2-pH7_3-R2-Time40_R2.fastq.gz,202M
hBFA2_h1_hBFA2-pH7_3-R2-Time8_R1.fastq.gz,198M
hBFA2_h1_hBFA2-pH7_3-R2-Time8_R2.fastq.gz,196M
hBFA2_h1_hBFA2-SC-R1-Time16_R1.fastq.gz,110M
hBFA2_h1_hBFA2-SC-R1-Time16_R2.fastq.gz,110M
hBFA2_h1_hBFA2-SC-R1-Time24_R1.fastq.gz,9.8M
hBFA2_h1_hBFA2-SC-R1-Time24_R2.fastq.gz,9.8M
hBFA2_h1_hBFA2-SC-R1-Time40_R1.fastq.gz,1.4M
hBFA2_h1_hBFA2-SC-R1-Time40_R2.fastq.gz,1.4M
hBFA2_h1_hBFA2-YPD-R1-Time16_R1.fastq.gz,204M
hBFA2_h1_hBFA2-YPD-R1-Time16_R2.fastq.gz,203M
hBFA2_h1_hBFA2-YPD-R1-Time24_R1.fastq.gz,270M
hBFA2_h1_hBFA2-YPD-R1-Time24_R2.fastq.gz,271M
hBFA2_h1_hBFA2-YPD-R1-Time32_R1.fastq.gz,220M
hBFA2_h1_hBFA2-YPD-R1-Time32_R2.fastq.gz,217M
hBFA2_h1_hBFA2-YPD-R1-Time40_R1.fastq.gz,202M
hBFA2_h1_hBFA2-YPD-R1-Time40_R2.fastq.gz,201M
hBFA2_h1_hBFA2-YPD-R1-Time8_R1.fastq.gz,234M
hBFA2_h1_hBFA2-YPD-R1-Time8_R2.fastq.gz,232M
hBFA2_h1_hBFA2-YPD-R2-Time16_R1.fastq.gz,86M
hBFA2_h1_hBFA2-YPD-R2-Time16_R2.fastq.gz,85M
hBFA2_h1_hBFA2-YPD-R2-Time24_R1.fastq.gz,108M
hBFA2_h1_hBFA2-YPD-R2-Time24_R2.fastq.gz,104M
hBFA2_h1_hBFA2-YPD-R2-Time32_R1.fastq.gz,218M
hBFA2_h1_hBFA2-YPD-R2-Time32_R2.fastq.gz,218M
hBFA2_h1_hBFA2-YPD-R2-Time40_R1.fastq.gz,202M
hBFA2_h1_hBFA2-YPD-R2-Time40_R2.fastq.gz,203M
hBFA2_h1_hBFA2-YPD-R2-Time8_R1.fastq.gz,150M
hBFA2_h1_hBFA2-YPD-R2-Time8_R2.fastq.gz,150M
hBFA2-pH3_8_alpha-R1-Subpool_S23_R1_001.fastq.gz,9.9M
hBFA2-pH7_3_alpha-R1-Subpool_S22_R1_001.fastq.gz,14M
hBFA2-SC_alpha-R1-Subpool_S21_R1_001.fastq.gz,12M
hBFA2_s_hBFA2-02M_NaCl-R1-Time16_R1.fastq.gz,65M
hBFA2_s_hBFA2-02M_NaCl-R1-Time16_R2.fastq.gz,68M
hBFA2_s_hBFA2-02M_NaCl-R1-Time24_R1.fastq.gz,98M
hBFA2_s_hBFA2-02M_NaCl-R1-Time24_R2.fastq.gz,127M
hBFA2_s_hBFA2-02M_NaCl-R1-Time32_R1.fastq.gz,56M
hBFA2_s_hBFA2-02M_NaCl-R1-Time32_R2.fastq.gz,57M
hBFA2_s_hBFA2-02M_NaCl-R1-Time40_R1.fastq.gz,102M
hBFA2_s_hBFA2-02M_NaCl-R1-Time40_R2.fastq.gz,104M
hBFA2_s_hBFA2-02M_NaCl-R1-Time8_R1.fastq.gz,134M
hBFA2_s_hBFA2-02M_NaCl-R1-Time8_R2.fastq.gz,138M
hBFA2_s_hBFA2-02M_NaCl-R2-Time16_R1.fastq.gz,39M
hBFA2_s_hBFA2-02M_NaCl-R2-Time16_R2.fastq.gz,40M
hBFA2_s_hBFA2-02M_NaCl-R2-Time24_R1.fastq.gz,22M
hBFA2_s_hBFA2-02M_NaCl-R2-Time24_R2.fastq.gz,23M
hBFA2_s_hBFA2-02M_NaCl-R2-Time32_R1.fastq.gz,79M
hBFA2_s_hBFA2-02M_NaCl-R2-Time32_R2.fastq.gz,83M
hBFA2_s_hBFA2-02M_NaCl-R2-Time40_R1.fastq.gz,82M
hBFA2_s_hBFA2-02M_NaCl-R2-Time40_R2.fastq.gz,87M
hBFA2_s_hBFA2-02M_NaCl-R2-Time8_R1.fastq.gz,64M
hBFA2_s_hBFA2-02M_NaCl-R2-Time8_R2.fastq.gz,66M
hBFA2_s_hBFA2-02M_NaCl-R3-Time16_R1.fastq.gz,73M
hBFA2_s_hBFA2-02M_NaCl-R3-Time16_R2.fastq.gz,77M
hBFA2_s_hBFA2-02M_NaCl-R3-Time24_R1.fastq.gz,60M
hBFA2_s_hBFA2-02M_NaCl-R3-Time24_R2.fastq.gz,63M
hBFA2_s_hBFA2-02M_NaCl-R3-Time32_R1.fastq.gz,106M
hBFA2_s_hBFA2-02M_NaCl-R3-Time32_R2.fastq.gz,111M
hBFA2_s_hBFA2-02M_NaCl-R3-Time40_R1.fastq.gz,85M
hBFA2_s_hBFA2-02M_NaCl-R3-Time40_R2.fastq.gz,90M
hBFA2_s_hBFA2-02M_NaCl-R3-Time8_R1.fastq.gz,43M
hBFA2_s_hBFA2-02M_NaCl-R3-Time8_R2.fastq.gz,58M
hBFA2_s_hBFA2-08M_NaCl-R1-Time16_R1.fastq.gz,31M
hBFA2_s_hBFA2-08M_NaCl-R1-Time16_R2.fastq.gz,32M
hBFA2_s_hBFA2-08M_NaCl-R1-Time24_R1.fastq.gz,21M
hBFA2_s_hBFA2-08M_NaCl-R1-Time24_R2.fastq.gz,27M
hBFA2_s_hBFA2-08M_NaCl-R1-Time32_R1.fastq.gz,19M
hBFA2_s_hBFA2-08M_NaCl-R1-Time32_R2.fastq.gz,19M
hBFA2_s_hBFA2-08M_NaCl-R1-Time40_R1.fastq.gz,58M
hBFA2_s_hBFA2-08M_NaCl-R1-Time40_R2.fastq.gz,59M
hBFA2_s_hBFA2-08M_NaCl-R1-Time8_R1.fastq.gz,20M
hBFA2_s_hBFA2-08M_NaCl-R1-Time8_R2.fastq.gz,20M
hBFA2_s_hBFA2-08M_NaCl-R2-Time16_R1.fastq.gz,19M
hBFA2_s_hBFA2-08M_NaCl-R2-Time16_R2.fastq.gz,20M
hBFA2_s_hBFA2-08M_NaCl-R2-Time24_R1.fastq.gz,14M
hBFA2_s_hBFA2-08M_NaCl-R2-Time24_R2.fastq.gz,14M
hBFA2_s_hBFA2-08M_NaCl-R2-Time32_R1.fastq.gz,34M
hBFA2_s_hBFA2-08M_NaCl-R2-Time32_R2.fastq.gz,35M
hBFA2_s_hBFA2-08M_NaCl-R2-Time40_R1.fastq.gz,21M
hBFA2_s_hBFA2-08M_NaCl-R2-Time40_R2.fastq.gz,22M
hBFA2_s_hBFA2-08M_NaCl-R2-Time8_R1.fastq.gz,34M
hBFA2_s_hBFA2-08M_NaCl-R2-Time8_R2.fastq.gz,34M
hBFA2_s_hBFA2-08M_NaCl-R3-Time16_R1.fastq.gz,57M
hBFA2_s_hBFA2-08M_NaCl-R3-Time16_R2.fastq.gz,57M
hBFA2_s_hBFA2-08M_NaCl-R3-Time24_R1.fastq.gz,108M
hBFA2_s_hBFA2-08M_NaCl-R3-Time24_R2.fastq.gz,110M
hBFA2_s_hBFA2-08M_NaCl-R3-Time32_R1.fastq.gz,106M
hBFA2_s_hBFA2-08M_NaCl-R3-Time32_R2.fastq.gz,108M
hBFA2_s_hBFA2-08M_NaCl-R3-Time40_R1.fastq.gz,81M
hBFA2_s_hBFA2-08M_NaCl-R3-Time40_R2.fastq.gz,83M
hBFA2_s_hBFA2-08M_NaCl-R3-Time8_R1.fastq.gz,74M
hBFA2_s_hBFA2-08M_NaCl-R3-Time8_R2.fastq.gz,95M
hBFA2_s_hBFA2-21C-R1-Time16_R1.fastq.gz,45M
hBFA2_s_hBFA2-21C-R1-Time16_R2.fastq.gz,48M
hBFA2_s_hBFA2-21C-R1-Time24_R1.fastq.gz,100M
hBFA2_s_hBFA2-21C-R1-Time24_R2.fastq.gz,131M
hBFA2_s_hBFA2-21C-R1-Time32_R1.fastq.gz,62M
hBFA2_s_hBFA2-21C-R1-Time32_R2.fastq.gz,64M
hBFA2_s_hBFA2-21C-R1-Time40_R1.fastq.gz,103M
hBFA2_s_hBFA2-21C-R1-Time40_R2.fastq.gz,107M
hBFA2_s_hBFA2-21C-R1-Time8_R1.fastq.gz,54M
hBFA2_s_hBFA2-21C-R1-Time8_R2.fastq.gz,56M
hBFA2_s_hBFA2-21C-R2-Time16_R1.fastq.gz,40M
hBFA2_s_hBFA2-21C-R2-Time16_R2.fastq.gz,42M
hBFA2_s_hBFA2-21C-R2-Time24_R1.fastq.gz,66M
hBFA2_s_hBFA2-21C-R2-Time24_R2.fastq.gz,69M
hBFA2_s_hBFA2-21C-R2-Time32_R1.fastq.gz,121M
hBFA2_s_hBFA2-21C-R2-Time32_R2.fastq.gz,128M
hBFA2_s_hBFA2-21C-R2-Time40_R1.fastq.gz,160M
hBFA2_s_hBFA2-21C-R2-Time40_R2.fastq.gz,170M
hBFA2_s_hBFA2-21C-R2-Time8_R1.fastq.gz,75M
hBFA2_s_hBFA2-21C-R2-Time8_R2.fastq.gz,79M
hBFA2_s_hBFA2-21C-R3-Time16_R1.fastq.gz,164M
hBFA2_s_hBFA2-21C-R3-Time16_R2.fastq.gz,174M
hBFA2_s_hBFA2-21C-R3-Time24_R1.fastq.gz,146M
hBFA2_s_hBFA2-21C-R3-Time24_R2.fastq.gz,153M
hBFA2_s_hBFA2-21C-R3-Time32_R1.fastq.gz,158M
hBFA2_s_hBFA2-21C-R3-Time32_R2.fastq.gz,166M
hBFA2_s_hBFA2-21C-R3-Time40_R1.fastq.gz,147M
hBFA2_s_hBFA2-21C-R3-Time40_R2.fastq.gz,157M
hBFA2_s_hBFA2-21C-R3-Time8_R1.fastq.gz,168M
hBFA2_s_hBFA2-21C-R3-Time8_R2.fastq.gz,205M
hBFA2_s_hBFA2-All-R-0_R1.fastq.gz,18M
hBFA2_s_hBFA2-All-R-0_R2.fastq.gz,19M
hBFA2_s_hBFA2-CLM-R1-Time16_R1.fastq.gz,60M
hBFA2_s_hBFA2-CLM-R1-Time16_R2.fastq.gz,65M
hBFA2_s_hBFA2-CLM-R1-Time24_R1.fastq.gz,29M
hBFA2_s_hBFA2-CLM-R1-Time24_R2.fastq.gz,41M
hBFA2_s_hBFA2-CLM-R1-Time32_R1.fastq.gz,85M
hBFA2_s_hBFA2-CLM-R1-Time32_R2.fastq.gz,89M
hBFA2_s_hBFA2-CLM-R1-Time40_R1.fastq.gz,70M
hBFA2_s_hBFA2-CLM-R1-Time40_R2.fastq.gz,73M
hBFA2_s_hBFA2-CLM-R1-Time8_R1.fastq.gz,31M
hBFA2_s_hBFA2-CLM-R1-Time8_R2.fastq.gz,32M
hBFA2_s_hBFA2-CLM-R2-Time16_R1.fastq.gz,74M
hBFA2_s_hBFA2-CLM-R2-Time16_R2.fastq.gz,80M
hBFA2_s_hBFA2-CLM-R2-Time24_R1.fastq.gz,35M
hBFA2_s_hBFA2-CLM-R2-Time24_R2.fastq.gz,37M
hBFA2_s_hBFA2-CLM-R2-Time32_R1.fastq.gz,70M
hBFA2_s_hBFA2-CLM-R2-Time32_R2.fastq.gz,75M
hBFA2_s_hBFA2-CLM-R2-Time40_R1.fastq.gz,72M
hBFA2_s_hBFA2-CLM-R2-Time40_R2.fastq.gz,78M
hBFA2_s_hBFA2-CLM-R2-Time8_R1.fastq.gz,114M
hBFA2_s_hBFA2-CLM-R2-Time8_R2.fastq.gz,120M
hBFA2_s_hBFA2-CLM-R3-Time16_R1.fastq.gz,84M
hBFA2_s_hBFA2-CLM-R3-Time16_R2.fastq.gz,89M
hBFA2_s_hBFA2-CLM-R3-Time24_R1.fastq.gz,49M
hBFA2_s_hBFA2-CLM-R3-Time24_R2.fastq.gz,52M
hBFA2_s_hBFA2-CLM-R3-Time32_R1.fastq.gz,54M
hBFA2_s_hBFA2-CLM-R3-Time32_R2.fastq.gz,58M
hBFA2_s_hBFA2-CLM-R3-Time40_R1.fastq.gz,116M
hBFA2_s_hBFA2-CLM-R3-Time40_R2.fastq.gz,125M
hBFA2_s_hBFA2-CLM-R3-Time8_R1.fastq.gz,66M
hBFA2_s_hBFA2-CLM-R3-Time8_R2.fastq.gz,88M
hBFA2_s_hBFA2-FLC4-R1-Time16_R1.fastq.gz,88M
hBFA2_s_hBFA2-FLC4-R1-Time16_R2.fastq.gz,95M
hBFA2_s_hBFA2-FLC4-R1-Time24_R1.fastq.gz,98M
hBFA2_s_hBFA2-FLC4-R1-Time24_R2.fastq.gz,133M
hBFA2_s_hBFA2-FLC4-R1-Time32_R1.fastq.gz,63M
hBFA2_s_hBFA2-FLC4-R1-Time32_R2.fastq.gz,66M
hBFA2_s_hBFA2-FLC4-R1-Time40_R1.fastq.gz,60M
hBFA2_s_hBFA2-FLC4-R1-Time40_R2.fastq.gz,63M
hBFA2_s_hBFA2-FLC4-R1-Time8_R1.fastq.gz,99M
hBFA2_s_hBFA2-FLC4-R1-Time8_R2.fastq.gz,104M
hBFA2_s_hBFA2-FLC4-R2-Time16_R1.fastq.gz,94M
hBFA2_s_hBFA2-FLC4-R2-Time16_R2.fastq.gz,101M
hBFA2_s_hBFA2-FLC4-R2-Time24_R1.fastq.gz,79M
hBFA2_s_hBFA2-FLC4-R2-Time24_R2.fastq.gz,84M
hBFA2_s_hBFA2-FLC4-R2-Time32_R1.fastq.gz,137M
hBFA2_s_hBFA2-FLC4-R2-Time32_R2.fastq.gz,142M
hBFA2_s_hBFA2-FLC4-R2-Time40_R1.fastq.gz,99M
hBFA2_s_hBFA2-FLC4-R2-Time40_R2.fastq.gz,105M
hBFA2_s_hBFA2-FLC4-R2-Time8_R1.fastq.gz,50M
hBFA2_s_hBFA2-FLC4-R2-Time8_R2.fastq.gz,52M
hBFA2_s_hBFA2-FLC4-R3-Time16_R1.fastq.gz,56M
hBFA2_s_hBFA2-FLC4-R3-Time16_R2.fastq.gz,58M
hBFA2_s_hBFA2-FLC4-R3-Time24_R1.fastq.gz,41M
hBFA2_s_hBFA2-FLC4-R3-Time24_R2.fastq.gz,43M
hBFA2_s_hBFA2-FLC4-R3-Time32_R1.fastq.gz,84M
hBFA2_s_hBFA2-FLC4-R3-Time32_R2.fastq.gz,87M
hBFA2_s_hBFA2-FLC4-R3-Time40_R1.fastq.gz,82M
hBFA2_s_hBFA2-FLC4-R3-Time40_R2.fastq.gz,86M
hBFA2_s_hBFA2-FLC4-R3-Time8_R1.fastq.gz,1.9M
hBFA2_s_hBFA2-FLC4-R3-Time8_R2.fastq.gz,2.5M
hBFA2_s_hBFA2-GlyEtOH-R1-Time16_R1.fastq.gz,14M
hBFA2_s_hBFA2-GlyEtOH-R1-Time16_R2.fastq.gz,15M
hBFA2_s_hBFA2-GlyEtOH-R1-Time24_R1.fastq.gz,180M
hBFA2_s_hBFA2-GlyEtOH-R1-Time24_R2.fastq.gz,238M
hBFA2_s_hBFA2-GlyEtOH-R1-Time32_R1.fastq.gz,138M
hBFA2_s_hBFA2-GlyEtOH-R1-Time32_R2.fastq.gz,143M
hBFA2_s_hBFA2-GlyEtOH-R1-Time40_R1.fastq.gz,115M
hBFA2_s_hBFA2-GlyEtOH-R1-Time40_R2.fastq.gz,118M
hBFA2_s_hBFA2-GlyEtOH-R1-Time8_R1.fastq.gz,20M
hBFA2_s_hBFA2-GlyEtOH-R1-Time8_R2.fastq.gz,22M
hBFA2_s_hBFA2-GlyEtOH-R2-Time16_R1.fastq.gz,45M
hBFA2_s_hBFA2-GlyEtOH-R2-Time16_R2.fastq.gz,47M
hBFA2_s_hBFA2-GlyEtOH-R2-Time24_R1.fastq.gz,222M
hBFA2_s_hBFA2-GlyEtOH-R2-Time24_R2.fastq.gz,231M
hBFA2_s_hBFA2-GlyEtOH-R2-Time32_R1.fastq.gz,156M
hBFA2_s_hBFA2-GlyEtOH-R2-Time32_R2.fastq.gz,159M
hBFA2_s_hBFA2-GlyEtOH-R2-Time40_R1.fastq.gz,104M
hBFA2_s_hBFA2-GlyEtOH-R2-Time40_R2.fastq.gz,109M
hBFA2_s_hBFA2-GlyEtOH-R2-Time8_R1.fastq.gz,106M
hBFA2_s_hBFA2-GlyEtOH-R2-Time8_R2.fastq.gz,111M
hBFA2_s_hBFA2-GlyEtOH-R3-Time16_R1.fastq.gz,50M
hBFA2_s_hBFA2-GlyEtOH-R3-Time16_R2.fastq.gz,51M
hBFA2_s_hBFA2-GlyEtOH-R3-Time24_R1.fastq.gz,71M
hBFA2_s_hBFA2-GlyEtOH-R3-Time24_R2.fastq.gz,71M
hBFA2_s_hBFA2-GlyEtOH-R3-Time32_R1.fastq.gz,78M
hBFA2_s_hBFA2-GlyEtOH-R3-Time32_R2.fastq.gz,79M
hBFA2_s_hBFA2-GlyEtOH-R3-Time40_R1.fastq.gz,76M
hBFA2_s_hBFA2-GlyEtOH-R3-Time40_R2.fastq.gz,78M
hBFA2_s_hBFA2-GlyEtOH-R3-Time8_R1.fastq.gz,36M
hBFA2_s_hBFA2-GlyEtOH-R3-Time8_R2.fastq.gz,47M
hBFA2-YPD_alpha-R1-Subpool_S20_R1_001.fastq.gz,13M
Stanford_hap_LT_02M_NaCl_alpha-R1-Time0_R1.fastq.gz,373M
Stanford_hap_LT_02M_NaCl_alpha-R1-Time0_R2.fastq.gz,432M
Stanford_hap_LT_02M_NaCl_alpha-R1-Time104_R1.fastq.gz,531M
Stanford_hap_LT_02M_NaCl_alpha-R1-Time104_R2.fastq.gz,615M
Stanford_hap_LT_02M_NaCl_alpha-R1-Time120_R1.fastq.gz,446M
Stanford_hap_LT_02M_NaCl_alpha-R1-Time120_R2.fastq.gz,519M
Stanford_hap_LT_02M_NaCl_alpha-R1-Time136_R1.fastq.gz,473M
Stanford_hap_LT_02M_NaCl_alpha-R1-Time136_R2.fastq.gz,548M
Stanford_hap_LT_02M_NaCl_alpha-R1-Time160_R1.fastq.gz,380M
Stanford_hap_LT_02M_NaCl_alpha-R1-Time160_R2.fastq.gz,435M
Stanford_hap_LT_02M_NaCl_alpha-R1-Time192_R1.fastq.gz,242M
Stanford_hap_LT_02M_NaCl_alpha-R1-Time192_R2.fastq.gz,280M
Stanford_hap_LT_02M_NaCl_alpha-R1-Time240_R1.fastq.gz,303M
Stanford_hap_LT_02M_NaCl_alpha-R1-Time240_R2.fastq.gz,353M
Stanford_hap_LT_02M_NaCl_alpha-R1-Time72_R1.fastq.gz,391M
Stanford_hap_LT_02M_NaCl_alpha-R1-Time72_R2.fastq.gz,446M
Stanford_hap_LT_02M_NaCl_alpha-R1-Time88_R1.fastq.gz,545M
Stanford_hap_LT_02M_NaCl_alpha-R1-Time88_R2.fastq.gz,625M
Stanford_hap_LT_02M_NaCl_alpha-R1-Time8_R1.fastq.gz,439M
Stanford_hap_LT_02M_NaCl_alpha-R1-Time8_R2.fastq.gz,515M
Stanford_hap_LT_08M_NaCl_alpha-R1-Time0_R1.fastq.gz,378M
Stanford_hap_LT_08M_NaCl_alpha-R1-Time0_R2.fastq.gz,440M
Stanford_hap_LT_08M_NaCl_alpha-R1-Time104_R1.fastq.gz,701M
Stanford_hap_LT_08M_NaCl_alpha-R1-Time104_R2.fastq.gz,881M
Stanford_hap_LT_08M_NaCl_alpha-R1-Time120_R1.fastq.gz,444M
Stanford_hap_LT_08M_NaCl_alpha-R1-Time120_R2.fastq.gz,554M
Stanford_hap_LT_08M_NaCl_alpha-R1-Time136_R1.fastq.gz,257M
Stanford_hap_LT_08M_NaCl_alpha-R1-Time136_R2.fastq.gz,323M
Stanford_hap_LT_08M_NaCl_alpha-R1-Time160_R1.fastq.gz,336M
Stanford_hap_LT_08M_NaCl_alpha-R1-Time160_R2.fastq.gz,416M
Stanford_hap_LT_08M_NaCl_alpha-R1-Time192_R1.fastq.gz,313M
Stanford_hap_LT_08M_NaCl_alpha-R1-Time192_R2.fastq.gz,392M
Stanford_hap_LT_08M_NaCl_alpha-R1-Time240_R1.fastq.gz,228M
Stanford_hap_LT_08M_NaCl_alpha-R1-Time240_R2.fastq.gz,287M
Stanford_hap_LT_08M_NaCl_alpha-R1-Time72_R1.fastq.gz,241M
Stanford_hap_LT_08M_NaCl_alpha-R1-Time72_R2.fastq.gz,294M
Stanford_hap_LT_08M_NaCl_alpha-R1-Time88_R1.fastq.gz,261M
Stanford_hap_LT_08M_NaCl_alpha-R1-Time88_R2.fastq.gz,322M
Stanford_hap_LT_08M_NaCl_alpha-R1-Time8_R1.fastq.gz,371M
Stanford_hap_LT_08M_NaCl_alpha-R1-Time8_R2.fastq.gz,437M
Stanford_hap_LT_21C_alpha-R1-Time0_R1.fastq.gz,233M
Stanford_hap_LT_21C_alpha-R1-Time0_R2.fastq.gz,290M
Stanford_hap_LT_21C_alpha-R1-Time104_R1.fastq.gz,141M
Stanford_hap_LT_21C_alpha-R1-Time104_R2.fastq.gz,177M
Stanford_hap_LT_21C_alpha-R1-Time120_R1.fastq.gz,473M
Stanford_hap_LT_21C_alpha-R1-Time120_R2.fastq.gz,596M
Stanford_hap_LT_21C_alpha-R1-Time136_R1.fastq.gz,229M
Stanford_hap_LT_21C_alpha-R1-Time136_R2.fastq.gz,286M
Stanford_hap_LT_21C_alpha-R1-Time160_R1.fastq.gz,271M
Stanford_hap_LT_21C_alpha-R1-Time160_R2.fastq.gz,336M
Stanford_hap_LT_21C_alpha-R1-Time192_R1.fastq.gz,232M
Stanford_hap_LT_21C_alpha-R1-Time192_R2.fastq.gz,291M
Stanford_hap_LT_21C_alpha-R1-Time240_R1.fastq.gz,287M
Stanford_hap_LT_21C_alpha-R1-Time240_R2.fastq.gz,370M
Stanford_hap_LT_21C_alpha-R1-Time72_R1.fastq.gz,285M
Stanford_hap_LT_21C_alpha-R1-Time72_R2.fastq.gz,351M
Stanford_hap_LT_21C_alpha-R1-Time88_R1.fastq.gz,152M
Stanford_hap_LT_21C_alpha-R1-Time88_R2.fastq.gz,189M
Stanford_hap_LT_21C_alpha-R1-Time8_R1.fastq.gz,237M
Stanford_hap_LT_21C_alpha-R1-Time8_R2.fastq.gz,298M
Stanford_hap_LT_CLM_alpha-R1-Time0_R1.fastq.gz,514M
Stanford_hap_LT_CLM_alpha-R1-Time0_R2.fastq.gz,592M
Stanford_hap_LT_CLM_alpha-R1-Time104_R1.fastq.gz,170M
Stanford_hap_LT_CLM_alpha-R1-Time104_R2.fastq.gz,202M
Stanford_hap_LT_CLM_alpha-R1-Time120_R1.fastq.gz,33M
Stanford_hap_LT_CLM_alpha-R1-Time120_R2.fastq.gz,39M
Stanford_hap_LT_CLM_alpha-R1-Time136_R1.fastq.gz,275M
Stanford_hap_LT_CLM_alpha-R1-Time136_R2.fastq.gz,329M
Stanford_hap_LT_CLM_alpha-R1-Time160_R1.fastq.gz,298M
Stanford_hap_LT_CLM_alpha-R1-Time160_R2.fastq.gz,351M
Stanford_hap_LT_CLM_alpha-R1-Time192_R1.fastq.gz,304M
Stanford_hap_LT_CLM_alpha-R1-Time192_R2.fastq.gz,362M
Stanford_hap_LT_CLM_alpha-R1-Time240_R1.fastq.gz,520M
Stanford_hap_LT_CLM_alpha-R1-Time240_R2.fastq.gz,625M
Stanford_hap_LT_CLM_alpha-R1-Time72_R1.fastq.gz,1.8M
Stanford_hap_LT_CLM_alpha-R1-Time72_R2.fastq.gz,2.0M
Stanford_hap_LT_CLM_alpha-R1-Time88_R1.fastq.gz,199M
Stanford_hap_LT_CLM_alpha-R1-Time88_R2.fastq.gz,234M
Stanford_hap_LT_CLM_alpha-R1-Time8_R1.fastq.gz,340M
Stanford_hap_LT_CLM_alpha-R1-Time8_R2.fastq.gz,395M
Stanford_hap_LT_FLC32_alpha-R1-Time0_R1.fastq.gz,356M
Stanford_hap_LT_FLC32_alpha-R1-Time0_R2.fastq.gz,415M
Stanford_hap_LT_FLC32_alpha-R1-Time104_R1.fastq.gz,626M
Stanford_hap_LT_FLC32_alpha-R1-Time104_R2.fastq.gz,755M
Stanford_hap_LT_FLC32_alpha-R1-Time120_R1.fastq.gz,5.3M
Stanford_hap_LT_FLC32_alpha-R1-Time120_R2.fastq.gz,6.5M
Stanford_hap_LT_FLC32_alpha-R1-Time136_R1.fastq.gz,44M
Stanford_hap_LT_FLC32_alpha-R1-Time136_R2.fastq.gz,52M
Stanford_hap_LT_FLC32_alpha-R1-Time160_R1.fastq.gz,3.0M
Stanford_hap_LT_FLC32_alpha-R1-Time160_R2.fastq.gz,3.6M
Stanford_hap_LT_FLC32_alpha-R1-Time192_R1.fastq.gz,21M
Stanford_hap_LT_FLC32_alpha-R1-Time192_R2.fastq.gz,26M
Stanford_hap_LT_FLC32_alpha-R1-Time240_R1.fastq.gz,9.9M
Stanford_hap_LT_FLC32_alpha-R1-Time240_R2.fastq.gz,12M
Stanford_hap_LT_FLC32_alpha-R1-Time72_R1.fastq.gz,130M
Stanford_hap_LT_FLC32_alpha-R1-Time72_R2.fastq.gz,154M
Stanford_hap_LT_FLC32_alpha-R1-Time88_R1.fastq.gz,17M
Stanford_hap_LT_FLC32_alpha-R1-Time88_R2.fastq.gz,20M
Stanford_hap_LT_FLC32_alpha-R1-Time8_R1.fastq.gz,503M
Stanford_hap_LT_FLC32_alpha-R1-Time8_R2.fastq.gz,592M
Stanford_hap_LT_FLC4_alpha-R1-Time0_R1.fastq.gz,1.1G
Stanford_hap_LT_FLC4_alpha-R1-Time0_R2.fastq.gz,1.3G
Stanford_hap_LT_FLC4_alpha-R1-Time104_R1.fastq.gz,425M
Stanford_hap_LT_FLC4_alpha-R1-Time104_R2.fastq.gz,508M
Stanford_hap_LT_FLC4_alpha-R1-Time120_R1.fastq.gz,446M
Stanford_hap_LT_FLC4_alpha-R1-Time120_R2.fastq.gz,537M
Stanford_hap_LT_FLC4_alpha-R1-Time136_R1.fastq.gz,315M
Stanford_hap_LT_FLC4_alpha-R1-Time136_R2.fastq.gz,381M
Stanford_hap_LT_FLC4_alpha-R1-Time160_R1.fastq.gz,50M
Stanford_hap_LT_FLC4_alpha-R1-Time160_R2.fastq.gz,57M
Stanford_hap_LT_FLC4_alpha-R1-Time192_R1.fastq.gz,348M
Stanford_hap_LT_FLC4_alpha-R1-Time192_R2.fastq.gz,419M
Stanford_hap_LT_FLC4_alpha-R1-Time240_R1.fastq.gz,422M
Stanford_hap_LT_FLC4_alpha-R1-Time240_R2.fastq.gz,522M
Stanford_hap_LT_FLC4_alpha-R1-Time72_R1.fastq.gz,242M
Stanford_hap_LT_FLC4_alpha-R1-Time72_R2.fastq.gz,285M
Stanford_hap_LT_FLC4_alpha-R1-Time88_R1.fastq.gz,351M
Stanford_hap_LT_FLC4_alpha-R1-Time88_R2.fastq.gz,417M
Stanford_hap_LT_FLC4_alpha-R1-Time8_R1.fastq.gz,456M
Stanford_hap_LT_FLC4_alpha-R1-Time8_R2.fastq.gz,538M
Stanford_hap_LT_GlyEtOH_alpha-R1-Time0_R1.fastq.gz,766M
Stanford_hap_LT_GlyEtOH_alpha-R1-Time0_R2.fastq.gz,884M
Stanford_hap_LT_GlyEtOH_alpha-R1-Time104_R1.fastq.gz,398M
Stanford_hap_LT_GlyEtOH_alpha-R1-Time104_R2.fastq.gz,460M
Stanford_hap_LT_GlyEtOH_alpha-R1-Time120_R1.fastq.gz,348M
Stanford_hap_LT_GlyEtOH_alpha-R1-Time120_R2.fastq.gz,410M
Stanford_hap_LT_GlyEtOH_alpha-R1-Time136_R1.fastq.gz,402M
Stanford_hap_LT_GlyEtOH_alpha-R1-Time136_R2.fastq.gz,469M
Stanford_hap_LT_GlyEtOH_alpha-R1-Time160_R1.fastq.gz,277M
Stanford_hap_LT_GlyEtOH_alpha-R1-Time160_R2.fastq.gz,324M
Stanford_hap_LT_GlyEtOH_alpha-R1-Time192_R1.fastq.gz,258M
Stanford_hap_LT_GlyEtOH_alpha-R1-Time192_R2.fastq.gz,305M
Stanford_hap_LT_GlyEtOH_alpha-R1-Time240_R1.fastq.gz,145M
Stanford_hap_LT_GlyEtOH_alpha-R1-Time240_R2.fastq.gz,172M
Stanford_hap_LT_GlyEtOH_alpha-R1-Time72_R1.fastq.gz,547M
Stanford_hap_LT_GlyEtOH_alpha-R1-Time72_R2.fastq.gz,623M
Stanford_hap_LT_GlyEtOH_alpha-R1-Time88_R1.fastq.gz,528M
Stanford_hap_LT_GlyEtOH_alpha-R1-Time88_R2.fastq.gz,606M
Stanford_hap_LT_GlyEtOH_alpha-R1-Time8_R1.fastq.gz,203M
Stanford_hap_LT_GlyEtOH_alpha-R1-Time8_R2.fastq.gz,236M
Stanford_hap_LT_M3_alpha-R1-Time0_R1.fastq.gz,234M
Stanford_hap_LT_M3_alpha-R1-Time0_R2.fastq.gz,269M
Stanford_hap_LT_M3_alpha-R1-Time104_R1.fastq.gz,211M
Stanford_hap_LT_M3_alpha-R1-Time104_R2.fastq.gz,250M
Stanford_hap_LT_M3_alpha-R1-Time120_R1.fastq.gz,221M
Stanford_hap_LT_M3_alpha-R1-Time120_R2.fastq.gz,265M
Stanford_hap_LT_M3_alpha-R1-Time136_R1.fastq.gz,191M
Stanford_hap_LT_M3_alpha-R1-Time136_R2.fastq.gz,230M
Stanford_hap_LT_M3_alpha-R1-Time160_R1.fastq.gz,239M
Stanford_hap_LT_M3_alpha-R1-Time160_R2.fastq.gz,284M
Stanford_hap_LT_M3_alpha-R1-Time192_R1.fastq.gz,247M
Stanford_hap_LT_M3_alpha-R1-Time192_R2.fastq.gz,299M
Stanford_hap_LT_M3_alpha-R1-Time240_R1.fastq.gz,258M
Stanford_hap_LT_M3_alpha-R1-Time240_R2.fastq.gz,317M
Stanford_hap_LT_M3_alpha-R1-Time72_R1.fastq.gz,278M
Stanford_hap_LT_M3_alpha-R1-Time72_R2.fastq.gz,321M
Stanford_hap_LT_M3_alpha-R1-Time88_R1.fastq.gz,213M
Stanford_hap_LT_M3_alpha-R1-Time88_R2.fastq.gz,248M
Stanford_hap_LT_M3_alpha-R1-Time8_R1.fastq.gz,419M
Stanford_hap_LT_M3_alpha-R1-Time8_R2.fastq.gz,489M
Stanford_high_LT_02M_NaCl_2N-R1-Time0_R1.fastq.gz,216M
Stanford_high_LT_02M_NaCl_2N-R1-Time0_R2.fastq.gz,268M
Stanford_high_LT_02M_NaCl_2N-R1-Time104_R1.fastq.gz,228M
Stanford_high_LT_02M_NaCl_2N-R1-Time104_R2.fastq.gz,284M
Stanford_high_LT_02M_NaCl_2N-R1-Time112_R1.fastq.gz,323M
Stanford_high_LT_02M_NaCl_2N-R1-Time112_R2.fastq.gz,404M
Stanford_high_LT_02M_NaCl_2N-R1-Time128_R1.fastq.gz,268M
Stanford_high_LT_02M_NaCl_2N-R1-Time128_R2.fastq.gz,334M
Stanford_high_LT_02M_NaCl_2N-R1-Time144_R1.fastq.gz,320M
Stanford_high_LT_02M_NaCl_2N-R1-Time144_R2.fastq.gz,404M
Stanford_high_LT_02M_NaCl_2N-R1-Time160_R1.fastq.gz,442M
Stanford_high_LT_02M_NaCl_2N-R1-Time160_R2.fastq.gz,552M
Stanford_high_LT_02M_NaCl_2N-R1-Time176_R1.fastq.gz,229M
Stanford_high_LT_02M_NaCl_2N-R1-Time176_R2.fastq.gz,287M
Stanford_high_LT_02M_NaCl_2N-R1-Time192_R1.fastq.gz,283M
Stanford_high_LT_02M_NaCl_2N-R1-Time192_R2.fastq.gz,354M
Stanford_high_LT_02M_NaCl_2N-R1-Time216_R1.fastq.gz,1.1G
Stanford_high_LT_02M_NaCl_2N-R1-Time216_R2.fastq.gz,1.3G
Stanford_high_LT_02M_NaCl_2N-R1-Time240_R1.fastq.gz,369M
Stanford_high_LT_02M_NaCl_2N-R1-Time240_R2.fastq.gz,464M
Stanford_high_LT_02M_NaCl_2N-R1-Time64_R1.fastq.gz,310M
Stanford_high_LT_02M_NaCl_2N-R1-Time64_R2.fastq.gz,390M
Stanford_high_LT_02M_NaCl_2N-R1-Time72_R1.fastq.gz,250M
Stanford_high_LT_02M_NaCl_2N-R1-Time72_R2.fastq.gz,311M
Stanford_high_LT_02M_NaCl_2N-R1-Time80_R1.fastq.gz,184M
Stanford_high_LT_02M_NaCl_2N-R1-Time80_R2.fastq.gz,229M
Stanford_high_LT_02M_NaCl_2N-R1-Time88_R1.fastq.gz,189M
Stanford_high_LT_02M_NaCl_2N-R1-Time88_R2.fastq.gz,235M
Stanford_high_LT_02M_NaCl_2N-R1-Time8_R1.fastq.gz,207M
Stanford_high_LT_02M_NaCl_2N-R1-Time8_R2.fastq.gz,257M
Stanford_high_LT_02M_NaCl_2N-R1-Time96_R1.fastq.gz,332M
Stanford_high_LT_02M_NaCl_2N-R1-Time96_R2.fastq.gz,412M
Stanford_high_LT_21C_2N-R1-Time0_R1.fastq.gz,321M
Stanford_high_LT_21C_2N-R1-Time0_R2.fastq.gz,399M
Stanford_high_LT_21C_2N-R1-Time104_R1.fastq.gz,382M
Stanford_high_LT_21C_2N-R1-Time104_R2.fastq.gz,477M
Stanford_high_LT_21C_2N-R1-Time112_R1.fastq.gz,131M
Stanford_high_LT_21C_2N-R1-Time112_R2.fastq.gz,163M
Stanford_high_LT_21C_2N-R1-Time128_R1.fastq.gz,146M
Stanford_high_LT_21C_2N-R1-Time128_R2.fastq.gz,181M
Stanford_high_LT_21C_2N-R1-Time144_R1.fastq.gz,123M
Stanford_high_LT_21C_2N-R1-Time144_R2.fastq.gz,154M
Stanford_high_LT_21C_2N-R1-Time160_R1.fastq.gz,98M
Stanford_high_LT_21C_2N-R1-Time160_R2.fastq.gz,121M
Stanford_high_LT_21C_2N-R1-Time176_R1.fastq.gz,225M
Stanford_high_LT_21C_2N-R1-Time176_R2.fastq.gz,281M
Stanford_high_LT_21C_2N-R1-Time192_R1.fastq.gz,854M
Stanford_high_LT_21C_2N-R1-Time192_R2.fastq.gz,1.1G
Stanford_high_LT_21C_2N-R1-Time216_R1.fastq.gz,488M
Stanford_high_LT_21C_2N-R1-Time216_R2.fastq.gz,605M
Stanford_high_LT_21C_2N-R1-Time240_R1.fastq.gz,126M
Stanford_high_LT_21C_2N-R1-Time240_R2.fastq.gz,157M
Stanford_high_LT_21C_2N-R1-Time64_R1.fastq.gz,628M
Stanford_high_LT_21C_2N-R1-Time64_R2.fastq.gz,789M
Stanford_high_LT_21C_2N-R1-Time72_R1.fastq.gz,225M
Stanford_high_LT_21C_2N-R1-Time72_R2.fastq.gz,278M
Stanford_high_LT_21C_2N-R1-Time80_R1.fastq.gz,331M
Stanford_high_LT_21C_2N-R1-Time80_R2.fastq.gz,412M
Stanford_high_LT_21C_2N-R1-Time88_R1.fastq.gz,354M
Stanford_high_LT_21C_2N-R1-Time88_R2.fastq.gz,439M
Stanford_high_LT_21C_2N-R1-Time8_R1.fastq.gz,160M
Stanford_high_LT_21C_2N-R1-Time8_R2.fastq.gz,197M
Stanford_high_LT_21C_2N-R1-Time96_R1.fastq.gz,425M
Stanford_high_LT_21C_2N-R1-Time96_R2.fastq.gz,527M
Stanford_high_LT_FLC32_2N-R1-Time0_R1.fastq.gz,277M
Stanford_high_LT_FLC32_2N-R1-Time0_R2.fastq.gz,344M
Stanford_high_LT_FLC32_2N-R1-Time104_R1.fastq.gz,15M
Stanford_high_LT_FLC32_2N-R1-Time104_R2.fastq.gz,19M
Stanford_high_LT_FLC32_2N-R1-Time112_R1.fastq.gz,93M
Stanford_high_LT_FLC32_2N-R1-Time112_R2.fastq.gz,121M
Stanford_high_LT_FLC32_2N-R1-Time176_R1.fastq.gz,4.1M
Stanford_high_LT_FLC32_2N-R1-Time176_R2.fastq.gz,5.4M
Stanford_high_LT_FLC32_2N-R1-Time192_R1.fastq.gz,170M
Stanford_high_LT_FLC32_2N-R1-Time192_R2.fastq.gz,224M
Stanford_high_LT_FLC32_2N-R1-Time64_R1.fastq.gz,112M
Stanford_high_LT_FLC32_2N-R1-Time64_R2.fastq.gz,150M
Stanford_high_LT_FLC32_2N-R1-Time72_R1.fastq.gz,160M
Stanford_high_LT_FLC32_2N-R1-Time72_R2.fastq.gz,212M
Stanford_high_LT_FLC32_2N-R1-Time80_R1.fastq.gz,124M
Stanford_high_LT_FLC32_2N-R1-Time80_R2.fastq.gz,164M
Stanford_high_LT_FLC32_2N-R1-Time88_R1.fastq.gz,150M
Stanford_high_LT_FLC32_2N-R1-Time88_R2.fastq.gz,198M
Stanford_high_LT_FLC32_2N-R1-Time8_R1.fastq.gz,175M
Stanford_high_LT_FLC32_2N-R1-Time8_R2.fastq.gz,228M
Stanford_high_LT_FLC32_2N-R1-Time96_R1.fastq.gz,245M
Stanford_high_LT_FLC32_2N-R1-Time96_R2.fastq.gz,320M
Stanford_high_LT_FLC4_2N-R1-Time120_R1.fastq.gz,315K
Stanford_high_LT_FLC4_2N-R1-Time120_R2.fastq.gz,385K
Stanford_high_LT_FLC4_2N-R1-Time136_R1.fastq.gz,192M
Stanford_high_LT_FLC4_2N-R1-Time136_R2.fastq.gz,251M
Stanford_high_LT_FLC4_2N-R1-Time152_R1.fastq.gz,363M
Stanford_high_LT_FLC4_2N-R1-Time152_R2.fastq.gz,469M
Stanford_high_LT_FLC4_2N-R1-Time176_R1.fastq.gz,183M
Stanford_high_LT_FLC4_2N-R1-Time176_R2.fastq.gz,232M
Stanford_high_LT_FLC4_2N-R1-Time216_R1.fastq.gz,215M
Stanford_high_LT_FLC4_2N-R1-Time216_R2.fastq.gz,276M
Stanford_high_LT_FLC4_2N-R1-Time64_R1.fastq.gz,91M
Stanford_high_LT_FLC4_2N-R1-Time64_R2.fastq.gz,114M
Stanford_high_LT_FLC4_2N-R1-Time80_R1.fastq.gz,40M
Stanford_high_LT_FLC4_2N-R1-Time80_R2.fastq.gz,50M
Stanford_high_LT_FLC4_2N-R1-Time88_R1.fastq.gz,31M
Stanford_high_LT_FLC4_2N-R1-Time88_R2.fastq.gz,38M
Stanford_high_LT_FLC4_2N-R1-Time8_R1.fastq.gz,224M
Stanford_high_LT_FLC4_2N-R1-Time8_R2.fastq.gz,278M
Stanford_high_LT_FLC4_2N-R1-Time96_R1.fastq.gz,40M
Stanford_high_LT_FLC4_2N-R1-Time96_R2.fastq.gz,50M
Stanford_high_LT_M3_2N-R1-Time0_R1.fastq.gz,141M
Stanford_high_LT_M3_2N-R1-Time0_R2.fastq.gz,174M
Stanford_high_LT_M3_2N-R1-Time104_R1.fastq.gz,15M
Stanford_high_LT_M3_2N-R1-Time104_R2.fastq.gz,18M
Stanford_high_LT_M3_2N-R1-Time112_R1.fastq.gz,16M
Stanford_high_LT_M3_2N-R1-Time112_R2.fastq.gz,19M
Stanford_high_LT_M3_2N-R1-Time128_R1.fastq.gz,53M
Stanford_high_LT_M3_2N-R1-Time128_R2.fastq.gz,66M
Stanford_high_LT_M3_2N-R1-Time144_R1.fastq.gz,21M
Stanford_high_LT_M3_2N-R1-Time144_R2.fastq.gz,26M
Stanford_high_LT_M3_2N-R1-Time160_R1.fastq.gz,42M
Stanford_high_LT_M3_2N-R1-Time160_R2.fastq.gz,53M
Stanford_high_LT_M3_2N-R1-Time216_R1.fastq.gz,57M
Stanford_high_LT_M3_2N-R1-Time216_R2.fastq.gz,72M
Stanford_high_LT_M3_2N-R1-Time96_R1.fastq.gz,6.4M
Stanford_high_LT_M3_2N-R1-Time96_R2.fastq.gz,7.9M
Stanford_mid_LT_08M_NaCl_2N-R1-Time0_R1.fastq.gz,213M
Stanford_mid_LT_08M_NaCl_2N-R1-Time0_R2.fastq.gz,256M
Stanford_mid_LT_08M_NaCl_2N-R1-Time16_R1.fastq.gz,299M
Stanford_mid_LT_08M_NaCl_2N-R1-Time16_R2.fastq.gz,374M
Stanford_mid_LT_08M_NaCl_2N-R1-Time24_R1.fastq.gz,245M
Stanford_mid_LT_08M_NaCl_2N-R1-Time24_R2.fastq.gz,295M
Stanford_mid_LT_08M_NaCl_2N-R1-Time32_R1.fastq.gz,261M
Stanford_mid_LT_08M_NaCl_2N-R1-Time32_R2.fastq.gz,319M
Stanford_mid_LT_08M_NaCl_2N-R1-Time40_R1.fastq.gz,205M
Stanford_mid_LT_08M_NaCl_2N-R1-Time40_R2.fastq.gz,262M
Stanford_mid_LT_08M_NaCl_2N-R1-Time48_R1.fastq.gz,503M
Stanford_mid_LT_08M_NaCl_2N-R1-Time48_R2.fastq.gz,652M
Stanford_mid_LT_08M_NaCl_2N-R1-Time56_R1.fastq.gz,246M
Stanford_mid_LT_08M_NaCl_2N-R1-Time56_R2.fastq.gz,319M
Stanford_mid_LT_08M_NaCl_2N-R1-Time64_R1.fastq.gz,207M
Stanford_mid_LT_08M_NaCl_2N-R1-Time64_R2.fastq.gz,271M
Stanford_mid_LT_08M_NaCl_2N-R1-Time8_R1.fastq.gz,187M
Stanford_mid_LT_08M_NaCl_2N-R1-Time8_R2.fastq.gz,226M
Stanford_mid_LT_CLM_2N-R1-Time0_R1.fastq.gz,304M
Stanford_mid_LT_CLM_2N-R1-Time0_R2.fastq.gz,370M
Stanford_mid_LT_CLM_2N-R1-Time16_R1.fastq.gz,397M
Stanford_mid_LT_CLM_2N-R1-Time16_R2.fastq.gz,508M
Stanford_mid_LT_CLM_2N-R1-Time32_R1.fastq.gz,71M
Stanford_mid_LT_CLM_2N-R1-Time32_R2.fastq.gz,90M
Stanford_mid_LT_CLM_2N-R1-Time40_R1.fastq.gz,104M
Stanford_mid_LT_CLM_2N-R1-Time40_R2.fastq.gz,132M
Stanford_mid_LT_CLM_2N-R1-Time8_R1.fastq.gz,178M
Stanford_mid_LT_CLM_2N-R1-Time8_R2.fastq.gz,217M
Stanford_mid_LT_GlyEtOH_2N-R1-Time0_R1.fastq.gz,177M
Stanford_mid_LT_GlyEtOH_2N-R1-Time0_R2.fastq.gz,211M
Stanford_mid_LT_GlyEtOH_2N-R1-Time104_R1.fastq.gz,204M
Stanford_mid_LT_GlyEtOH_2N-R1-Time104_R2.fastq.gz,246M
Stanford_mid_LT_GlyEtOH_2N-R1-Time112_R1.fastq.gz,158M
Stanford_mid_LT_GlyEtOH_2N-R1-Time112_R2.fastq.gz,188M
Stanford_mid_LT_GlyEtOH_2N-R1-Time120_R1.fastq.gz,206M
Stanford_mid_LT_GlyEtOH_2N-R1-Time120_R2.fastq.gz,246M
Stanford_mid_LT_GlyEtOH_2N-R1-Time128_R1.fastq.gz,71M
Stanford_mid_LT_GlyEtOH_2N-R1-Time128_R2.fastq.gz,87M
Stanford_mid_LT_GlyEtOH_2N-R1-Time136_R1.fastq.gz,130M
Stanford_mid_LT_GlyEtOH_2N-R1-Time136_R2.fastq.gz,155M
Stanford_mid_LT_GlyEtOH_2N-R1-Time152_R1.fastq.gz,177M
Stanford_mid_LT_GlyEtOH_2N-R1-Time152_R2.fastq.gz,213M
Stanford_mid_LT_GlyEtOH_2N-R1-Time168_R1.fastq.gz,63M
Stanford_mid_LT_GlyEtOH_2N-R1-Time168_R2.fastq.gz,76M
Stanford_mid_LT_GlyEtOH_2N-R1-Time184_R1.fastq.gz,4.3M
Stanford_mid_LT_GlyEtOH_2N-R1-Time184_R2.fastq.gz,5.1M
Stanford_mid_LT_GlyEtOH_2N-R1-Time200_R1.fastq.gz,22M
Stanford_mid_LT_GlyEtOH_2N-R1-Time200_R2.fastq.gz,27M
Stanford_mid_LT_GlyEtOH_2N-R1-Time216_R1.fastq.gz,9.4M
Stanford_mid_LT_GlyEtOH_2N-R1-Time216_R2.fastq.gz,12M
Stanford_mid_LT_GlyEtOH_2N-R1-Time240_R1.fastq.gz,8.1M
Stanford_mid_LT_GlyEtOH_2N-R1-Time240_R2.fastq.gz,9.9M
Stanford_mid_LT_GlyEtOH_2N-R1-Time64_R1.fastq.gz,242M
Stanford_mid_LT_GlyEtOH_2N-R1-Time64_R2.fastq.gz,298M
Stanford_mid_LT_GlyEtOH_2N-R1-Time72_R1.fastq.gz,224M
Stanford_mid_LT_GlyEtOH_2N-R1-Time72_R2.fastq.gz,268M
Stanford_mid_LT_GlyEtOH_2N-R1-Time80_R1.fastq.gz,261M
Stanford_mid_LT_GlyEtOH_2N-R1-Time80_R2.fastq.gz,313M
Stanford_mid_LT_GlyEtOH_2N-R1-Time88_R1.fastq.gz,251M
Stanford_mid_LT_GlyEtOH_2N-R1-Time88_R2.fastq.gz,299M
Stanford_mid_LT_GlyEtOH_2N-R1-Time96_R1.fastq.gz,243M
Stanford_mid_LT_GlyEtOH_2N-R1-Time96_R2.fastq.gz,290M
Stanford_redos_LT_CLM_2N-R1-Time24_R1.fastq.gz,29M
Stanford_redos_LT_CLM_2N-R1-Time24_R2.fastq.gz,30M
Stanford_redos_LT_CLM_2N-R1-Time48_R1.fastq.gz,93M
Stanford_redos_LT_CLM_2N-R1-Time48_R2.fastq.gz,102M
Stanford_redos_LT_CLM_2N-R1-Time56_R1.fastq.gz,128M
Stanford_redos_LT_CLM_2N-R1-Time56_R2.fastq.gz,134M
Stanford_redos_LT_CLM_alpha-R1-Time16_R1.fastq.gz,909M
Stanford_redos_LT_CLM_alpha-R1-Time16_R2.fastq.gz,643M
Stanford_redos_LT_CLM_alpha-R1-Time24_R1.fastq.gz,702M
Stanford_redos_LT_CLM_alpha-R1-Time24_R2.fastq.gz,742M
Stanford_redos_LT_CLM_alpha-R1-Time32_R1.fastq.gz,270M
Stanford_redos_LT_CLM_alpha-R1-Time32_R2.fastq.gz,301M
Stanford_redos_LT_CLM_alpha-R1-Time40_R1.fastq.gz,119M
Stanford_redos_LT_CLM_alpha-R1-Time40_R2.fastq.gz,126M
Stanford_redos_LT_CLM_alpha-R1-Time48_R1.fastq.gz,84M
Stanford_redos_LT_CLM_alpha-R1-Time48_R2.fastq.gz,88M
Stanford_redos_LT_CLM_alpha-R1-Time56_R1.fastq.gz,110M
Stanford_redos_LT_CLM_alpha-R1-Time56_R2.fastq.gz,108M
Stanford_redos_LT_CLM_alpha-R1-Time64_R1.fastq.gz,65M
Stanford_redos_LT_CLM_alpha-R1-Time64_R2.fastq.gz,66M
Stanford_redos_LT_FLC4_2N-R1-Time0_R1.fastq.gz,2.3G
Stanford_redos_LT_FLC4_2N-R1-Time0_R2.fastq.gz,2.4G
Stanford_redos_LT_FLC4_2N-R1-Time16_R1.fastq.gz,501M
Stanford_redos_LT_FLC4_2N-R1-Time16_R2.fastq.gz,538M
Stanford_redos_LT_FLC4_2N-R1-Time24_R1.fastq.gz,516M
Stanford_redos_LT_FLC4_2N-R1-Time24_R2.fastq.gz,537M
Stanford_redos_LT_FLC4_2N-R1-Time32_R1.fastq.gz,456M
Stanford_redos_LT_FLC4_2N-R1-Time32_R2.fastq.gz,461M
Stanford_redos_LT_FLC4_2N-R1-Time40_R1.fastq.gz,543M
Stanford_redos_LT_FLC4_2N-R1-Time40_R2.fastq.gz,559M
Stanford_redos_LT_FLC4_2N-R1-Time48_R1.fastq.gz,1.2G
Stanford_redos_LT_FLC4_2N-R1-Time48_R2.fastq.gz,835M
Stanford_redos_LT_FLC4_2N-R1-Time56_R1.fastq.gz,647M
Stanford_redos_LT_FLC4_2N-R1-Time56_R2.fastq.gz,684M
Stanford_redos_LT_FLC4_alpha-R1-Time16_R1.fastq.gz,310M
Stanford_redos_LT_FLC4_alpha-R1-Time16_R2.fastq.gz,324M
Stanford_redos_LT_FLC4_alpha-R1-Time24_R1.fastq.gz,442M
Stanford_redos_LT_FLC4_alpha-R1-Time24_R2.fastq.gz,457M
Stanford_redos_LT_FLC4_alpha-R1-Time32_R1.fastq.gz,321M
Stanford_redos_LT_FLC4_alpha-R1-Time32_R2.fastq.gz,342M
Stanford_redos_LT_FLC4_alpha-R1-Time40_R1.fastq.gz,167M
Stanford_redos_LT_FLC4_alpha-R1-Time40_R2.fastq.gz,181M
Stanford_redos_LT_FLC4_alpha-R1-Time48_R1.fastq.gz,220M
Stanford_redos_LT_FLC4_alpha-R1-Time48_R2.fastq.gz,228M
Stanford_redos_LT_FLC4_alpha-R1-Time56_R1.fastq.gz,290M
Stanford_redos_LT_FLC4_alpha-R1-Time56_R2.fastq.gz,302M
Stanford_redos_LT_FLC4_alpha-R1-Time64_R1.fastq.gz,26M
Stanford_redos_LT_FLC4_alpha-R1-Time64_R2.fastq.gz,28M
Stanford_restart_LT_02M_NaCl_2N-R1-Time240_R1.fastq.gz,316M
Stanford_restart_LT_02M_NaCl_2N-R1-Time240_R2.fastq.gz,243M
Stanford_restart_LT_02M_NaCl_2N-R1-Time256_R1.fastq.gz,109M
Stanford_restart_LT_02M_NaCl_2N-R1-Time256_R2.fastq.gz,84M
Stanford_restart_LT_02M_NaCl_2N-R1-Time272_R1.fastq.gz,346M
Stanford_restart_LT_02M_NaCl_2N-R1-Time272_R2.fastq.gz,267M
Stanford_restart_LT_02M_NaCl_2N-R1-Time288_R1.fastq.gz,192M
Stanford_restart_LT_02M_NaCl_2N-R1-Time288_R2.fastq.gz,146M
Stanford_restart_LT_02M_NaCl_2N-R1-Time304_R1.fastq.gz,406M
Stanford_restart_LT_02M_NaCl_2N-R1-Time304_R2.fastq.gz,313M
Stanford_restart_LT_02M_NaCl_2N-R1-Time320_R1.fastq.gz,132M
Stanford_restart_LT_02M_NaCl_2N-R1-Time320_R2.fastq.gz,102M
Stanford_restart_LT_02M_NaCl_2N-R1-Time336_R1.fastq.gz,70M
Stanford_restart_LT_02M_NaCl_2N-R1-Time336_R2.fastq.gz,54M
Stanford_restart_LT_02M_NaCl_2N-R1-Time352_R1.fastq.gz,304M
Stanford_restart_LT_02M_NaCl_2N-R1-Time352_R2.fastq.gz,232M
Stanford_restart_LT_02M_NaCl_2N-R1-Time368_R1.fastq.gz,198M
Stanford_restart_LT_02M_NaCl_2N-R1-Time368_R2.fastq.gz,152M
Stanford_restart_LT_02M_NaCl_2N-R1-Time384_R1.fastq.gz,158M
Stanford_restart_LT_02M_NaCl_2N-R1-Time384_R2.fastq.gz,121M
Stanford_restart_LT_02M_NaCl_2N-R1-Time400_R1.fastq.gz,122M
Stanford_restart_LT_02M_NaCl_2N-R1-Time400_R2.fastq.gz,94M
Stanford_restart_LT_02M_NaCl_2N-R1-Time416_R1.fastq.gz,101M
Stanford_restart_LT_02M_NaCl_2N-R1-Time416_R2.fastq.gz,77M
Stanford_restart_LT_02M_NaCl_2N-R1-Time440_R1.fastq.gz,106M
Stanford_restart_LT_02M_NaCl_2N-R1-Time440_R2.fastq.gz,81M
Stanford_restart_LT_21C_2N-R1-Time240_R1.fastq.gz,40M
Stanford_restart_LT_21C_2N-R1-Time240_R2.fastq.gz,30M
Stanford_restart_LT_21C_2N-R1-Time256_R1.fastq.gz,166K
Stanford_restart_LT_21C_2N-R1-Time256_R2.fastq.gz,130K
Stanford_restart_LT_21C_2N-R1-Time272_R1.fastq.gz,412K
Stanford_restart_LT_21C_2N-R1-Time272_R2.fastq.gz,321K
Stanford_restart_LT_21C_2N-R1-Time288_R1.fastq.gz,216K
Stanford_restart_LT_21C_2N-R1-Time288_R2.fastq.gz,167K
Stanford_restart_LT_21C_2N-R1-Time304_R1.fastq.gz,254K
Stanford_restart_LT_21C_2N-R1-Time304_R2.fastq.gz,210K
Stanford_restart_LT_21C_2N-R1-Time320_R1.fastq.gz,145K
Stanford_restart_LT_21C_2N-R1-Time320_R2.fastq.gz,113K
Stanford_restart_LT_21C_2N-R1-Time336_R1.fastq.gz,76K
Stanford_restart_LT_21C_2N-R1-Time336_R2.fastq.gz,58K
Stanford_restart_LT_21C_2N-R1-Time352_R1.fastq.gz,124M
Stanford_restart_LT_21C_2N-R1-Time352_R2.fastq.gz,93M
Stanford_restart_LT_21C_2N-R1-Time368_R1.fastq.gz,91M
Stanford_restart_LT_21C_2N-R1-Time368_R2.fastq.gz,69M
Stanford_restart_LT_21C_2N-R1-Time384_R1.fastq.gz,248M
Stanford_restart_LT_21C_2N-R1-Time384_R2.fastq.gz,188M
Stanford_restart_LT_21C_2N-R1-Time400_R1.fastq.gz,250M
Stanford_restart_LT_21C_2N-R1-Time400_R2.fastq.gz,190M
Stanford_restart_LT_21C_2N-R1-Time416_R1.fastq.gz,253M
Stanford_restart_LT_21C_2N-R1-Time416_R2.fastq.gz,189M
Stanford_restart_LT_21C_2N-R1-Time440_R1.fastq.gz,230M
Stanford_restart_LT_21C_2N-R1-Time440_R2.fastq.gz,172M
