Assay,Library,R1_files,R2_files
dBFA2,dBFA2-YPDAnc_2N-R1_1-Subpool,dBFA2_h1_Ancestor_YPD_2N_R1_1_R1.fastq.gz,dBFA2_h1_Ancestor_YPD_2N_R1_1_R2.fastq.gz
dBFA2,dBFA2-YPDAnc_2N-R1_2-Subpool,dBFA2_h1_Ancestor_YPD_2N_R1_2_R1.fastq.gz,dBFA2_h1_Ancestor_YPD_2N_R1_2_R2.fastq.gz
dBFA2,dBFA2-02M_NaCl_2N-R2-Subpool,dBFA2_h1_Subpool_02M_NaCl_2N_R2_R1.fastq.gz,dBFA2_h1_Subpool_02M_NaCl_2N_R2_R2.fastq.gz
dBFA2,dBFA2-21C_2N-R2-Subpool,dBFA2_h1_Subpool_21C_2N_R2_R1.fastq.gz,dBFA2_h1_Subpool_21C_2N_R2_R2.fastq.gz
dBFA2,dBFA2-37C_2N-R1-Subpool,dBFA2_h1_Subpool_37C_2N_R1_R1.fastq.gz,dBFA2_h1_Subpool_37C_2N_R1_R2.fastq.gz
dBFA2,dBFA2-37C_2N-R2-Subpool,dBFA2_h1_Subpool_37C_2N_R2_R1.fastq.gz,dBFA2_h1_Subpool_37C_2N_R2_R2.fastq.gz
dBFA2,dBFA2-48Hr_2N-R1-Subpool,dBFA2_h1_Subpool_48Hr_2N_R1_R1.fastq.gz,dBFA2_h1_Subpool_48Hr_2N_R1_R2.fastq.gz
dBFA2,dBFA2-48Hr_2N-R2-Subpool,dBFA2_h1_Subpool_48Hr_2N_R2_R1.fastq.gz,dBFA2_h1_Subpool_48Hr_2N_R2_R2.fastq.gz
dBFA2,dBFA2-CLM_2N-R1-Subpool,dBFA2_h1_Subpool_CLM_2N_R1_R1.fastq.gz,dBFA2_h1_Subpool_CLM_2N_R1_R2.fastq.gz
dBFA2,dBFA2-CLM_2N-R2-Subpool,dBFA2_h1_Subpool_CLM_2N_R2_R1.fastq.gz,dBFA2_h1_Subpool_CLM_2N_R2_R2.fastq.gz
dBFA2,dBFA2-FLC4_2N-R2-Subpool,dBFA2_h1_Subpool_FLC4_2N_R2_R1.fastq.gz,dBFA2_h1_Subpool_FLC4_2N_R2_R2.fastq.gz
dBFA2,dBFA2-GlyEtOH_2N-R1-Subpool,dBFA2_h1_Subpool_GlyEtOH_2N_R1_R1.fastq.gz,dBFA2_h1_Subpool_GlyEtOH_2N_R1_R2.fastq.gz
dBFA2,dBFA2-GlyEtOH_2N-R2-Subpool,dBFA2_h1_Subpool_GlyEtOH_2N_R2_R1.fastq.gz,dBFA2_h1_Subpool_GlyEtOH_2N_R2_R2.fastq.gz
dBFA2,dBFA2-SC_2N-R1-Subpool,dBFA2_h1_Subpool_SC_2N_R1_R1.fastq.gz,dBFA2_h1_Subpool_SC_2N_R1_R2.fastq.gz
dBFA2,dBFA2-SC_2N-R2-Subpool,dBFA2_h1_Subpool_SC_2N_R2_R1.fastq.gz,dBFA2_h1_Subpool_SC_2N_R2_R2.fastq.gz
dBFA2,dBFA2-YPD_2N-R1-Subpool,dBFA2_h1_Subpool_YPD_2N_R1_R1.fastq.gz,dBFA2_h1_Subpool_YPD_2N_R1_R2.fastq.gz
dBFA2,dBFA2-YPD_2N-R2-Subpool,dBFA2_h1_Subpool_YPD_2N_R2_R1.fastq.gz,dBFA2_h1_Subpool_YPD_2N_R2_R2.fastq.gz
dBFA2,dBFA2-pH3_8_2N-R1-Subpool,dBFA2_h1_Subpool_pH3_8_2N_R1_R1.fastq.gz,dBFA2_h1_Subpool_pH3_8_2N_R1_R2.fastq.gz
dBFA2,dBFA2-pH3_8_2N-R2-Subpool,dBFA2_h1_Subpool_pH3_8_2N_R2_R1.fastq.gz,dBFA2_h1_Subpool_pH3_8_2N_R2_R2.fastq.gz
dBFA2,dBFA2-pH7_3_2N-R1-Subpool,dBFA2_h1_Subpool_pH7_3_2N_R1_R1.fastq.gz,dBFA2_h1_Subpool_pH7_3_2N_R1_R2.fastq.gz
dBFA2,dBFA2-pH7_3_2N-R2-Subpool,dBFA2_h1_Subpool_pH7_3_2N_R2_R1.fastq.gz,dBFA2_h1_Subpool_pH7_3_2N_R2_R2.fastq.gz
dBFA2,dBFA2-02M_NaCl-R1-Time16,dBFA2_s2_dBFA2-02M_NaCl-R1-Time16_R1.fastq.gz,dBFA2_s2_dBFA2-02M_NaCl-R1-Time16_R2.fastq.gz
dBFA2,dBFA2-02M_NaCl-R1-Time24,dBFA2_s2_dBFA2-02M_NaCl-R1-Time24_R1.fastq.gz,dBFA2_s2_dBFA2-02M_NaCl-R1-Time24_R2.fastq.gz
dBFA2,dBFA2-02M_NaCl-R1-Time32,dBFA2_s2_dBFA2-02M_NaCl-R1-Time32_R1.fastq.gz,dBFA2_s2_dBFA2-02M_NaCl-R1-Time32_R2.fastq.gz
dBFA2,dBFA2-02M_NaCl-R1-Time40,dBFA2_s2_dBFA2-02M_NaCl-R1-Time40_R1.fastq.gz,dBFA2_s2_dBFA2-02M_NaCl-R1-Time40_R2.fastq.gz
dBFA2,dBFA2-02M_NaCl-R1-Time8,dBFA2_s2_dBFA2-02M_NaCl-R1-Time8_R1.fastq.gz,dBFA2_s2_dBFA2-02M_NaCl-R1-Time8_R2.fastq.gz
dBFA2,dBFA2-02M_NaCl-R2-Time16,dBFA2_s2_dBFA2-02M_NaCl-R2-Time16_R1.fastq.gz,dBFA2_s2_dBFA2-02M_NaCl-R2-Time16_R2.fastq.gz
dBFA2,dBFA2-02M_NaCl-R2-Time24,dBFA2_s2_dBFA2-02M_NaCl-R2-Time24_R1.fastq.gz,dBFA2_s2_dBFA2-02M_NaCl-R2-Time24_R2.fastq.gz
dBFA2,dBFA2-02M_NaCl-R2-Time32,dBFA2_s2_dBFA2-02M_NaCl-R2-Time32_R1.fastq.gz,dBFA2_s2_dBFA2-02M_NaCl-R2-Time32_R2.fastq.gz
dBFA2,dBFA2-02M_NaCl-R2-Time40,dBFA2_s2_dBFA2-02M_NaCl-R2-Time40_R1.fastq.gz,dBFA2_s2_dBFA2-02M_NaCl-R2-Time40_R2.fastq.gz
dBFA2,dBFA2-02M_NaCl-R2-Time8,dBFA2_s2_dBFA2-02M_NaCl-R2-Time8_R1.fastq.gz,dBFA2_s2_dBFA2-02M_NaCl-R2-Time8_R2.fastq.gz
dBFA2,dBFA2-02M_NaCl-R3-Time16,dBFA2_s2_dBFA2-02M_NaCl-R3-Time16_R1.fastq.gz,dBFA2_s2_dBFA2-02M_NaCl-R3-Time16_R2.fastq.gz
dBFA2,dBFA2-02M_NaCl-R3-Time24,dBFA2_s2_dBFA2-02M_NaCl-R3-Time24_R1.fastq.gz,dBFA2_s2_dBFA2-02M_NaCl-R3-Time24_R2.fastq.gz
dBFA2,dBFA2-02M_NaCl-R3-Time32,dBFA2_s2_dBFA2-02M_NaCl-R3-Time32_R1.fastq.gz,dBFA2_s2_dBFA2-02M_NaCl-R3-Time32_R2.fastq.gz
dBFA2,dBFA2-02M_NaCl-R3-Time40,dBFA2_s2_dBFA2-02M_NaCl-R3-Time40_R1.fastq.gz,dBFA2_s2_dBFA2-02M_NaCl-R3-Time40_R2.fastq.gz
dBFA2,dBFA2-02M_NaCl-R3-Time8,dBFA2_s2_dBFA2-02M_NaCl-R3-Time8_R1.fastq.gz,dBFA2_s2_dBFA2-02M_NaCl-R3-Time8_R2.fastq.gz
dBFA2,dBFA2-02M_NaCl_2N-R1-Subpool,dBFA2-02M_NaCl_2N-R1-Subpool_S33_R1_001.fastq.gz,
dBFA2,dBFA2-21C-R1-Time16,dBFA2_s1_dBFA2-21C-R1-Time16_R1.fastq.gz,dBFA2_s1_dBFA2-21C-R1-Time16_R2.fastq.gz
dBFA2,dBFA2-21C-R1-Time24,dBFA2_s1_dBFA2-21C-R1-Time24_R1.fastq.gz,dBFA2_s1_dBFA2-21C-R1-Time24_R2.fastq.gz
dBFA2,dBFA2-21C-R1-Time32,dBFA2_s1_dBFA2-21C-R1-Time32_R1.fastq.gz,dBFA2_s1_dBFA2-21C-R1-Time32_R2.fastq.gz
dBFA2,dBFA2-21C-R1-Time40,dBFA2_s1_dBFA2-21C-R1-Time40_R1.fastq.gz,dBFA2_s1_dBFA2-21C-R1-Time40_R2.fastq.gz
dBFA2,dBFA2-21C-R1-Time8,dBFA2_s1_dBFA2-21C-R1-Time8_R1.fastq.gz,dBFA2_s1_dBFA2-21C-R1-Time8_R2.fastq.gz
dBFA2,dBFA2-21C-R2-Time16,dBFA2_s1_dBFA2-21C-R2-Time16_R1.fastq.gz,dBFA2_s1_dBFA2-21C-R2-Time16_R2.fastq.gz
dBFA2,dBFA2-21C-R2-Time24,dBFA2_s1_dBFA2-21C-R2-Time24_R1.fastq.gz,dBFA2_s1_dBFA2-21C-R2-Time24_R2.fastq.gz
dBFA2,dBFA2-21C-R2-Time32,dBFA2_s1_dBFA2-21C-R2-Time32_R1.fastq.gz,dBFA2_s1_dBFA2-21C-R2-Time32_R2.fastq.gz
dBFA2,dBFA2-21C-R2-Time40,dBFA2_s1_dBFA2-21C-R2-Time40_R1.fastq.gz,dBFA2_s1_dBFA2-21C-R2-Time40_R2.fastq.gz
dBFA2,dBFA2-21C-R2-Time8,dBFA2_s1_dBFA2-21C-R2-Time8_R1.fastq.gz,dBFA2_s1_dBFA2-21C-R2-Time8_R2.fastq.gz
dBFA2,dBFA2-21C-R3-Time16,dBFA2_s1_dBFA2-21C-R3-Time16_R1.fastq.gz,dBFA2_s1_dBFA2-21C-R3-Time16_R2.fastq.gz
dBFA2,dBFA2-21C-R3-Time24,dBFA2_s1_dBFA2-21C-R3-Time24_R1.fastq.gz,dBFA2_s1_dBFA2-21C-R3-Time24_R2.fastq.gz
dBFA2,dBFA2-21C-R3-Time32,dBFA2_s1_dBFA2-21C-R3-Time32_R1.fastq.gz,dBFA2_s1_dBFA2-21C-R3-Time32_R2.fastq.gz
dBFA2,dBFA2-21C-R3-Time40,dBFA2_s1_dBFA2-21C-R3-Time40_R1.fastq.gz,dBFA2_s1_dBFA2-21C-R3-Time40_R2.fastq.gz
dBFA2,dBFA2-21C-R3-Time8,dBFA2_s1_dBFA2-21C-R3-Time8_R1.fastq.gz,dBFA2_s1_dBFA2-21C-R3-Time8_R2.fastq.gz
dBFA2,dBFA2-21C_2N-R1-Subpool,dBFA2-21C_2N-R1-Subpool_S32_R1_001.fastq.gz,
dBFA2,dBFA2-37C-R1-Time16,dBFA2_h1_dBFA2-37C-R1-Time16_R1.fastq.gz;hBFA2_dBFA2_h2_dBFA2-37C-R1-Time16_R1.fastq.gz,dBFA2_h1_dBFA2-37C-R1-Time16_R2.fastq.gz;hBFA2_dBFA2_h2_dBFA2-37C-R1-Time16_R2.fastq.gz
dBFA2,dBFA2-37C-R1-Time24,dBFA2_h1_dBFA2-37C-R1-Time24_R1.fastq.gz,dBFA2_h1_dBFA2-37C-R1-Time24_R2.fastq.gz
dBFA2,dBFA2-37C-R1-Time32,dBFA2_h1_dBFA2-37C-R1-Time32_R1.fastq.gz,dBFA2_h1_dBFA2-37C-R1-Time32_R2.fastq.gz
dBFA2,dBFA2-37C-R1-Time40,dBFA2_h1_dBFA2-37C-R1-Time40_R1.fastq.gz,dBFA2_h1_dBFA2-37C-R1-Time40_R2.fastq.gz
dBFA2,dBFA2-37C-R1-Time8,dBFA2_h1_dBFA2-37C-R1-Time8_R1.fastq.gz,dBFA2_h1_dBFA2-37C-R1-Time8_R2.fastq.gz
dBFA2,dBFA2-37C-R2-Time16,dBFA2_h1_dBFA2-37C-R2-Time16_R1.fastq.gz,dBFA2_h1_dBFA2-37C-R2-Time16_R2.fastq.gz
dBFA2,dBFA2-37C-R2-Time24,dBFA2_h1_dBFA2-37C-R2-Time24_R1.fastq.gz,dBFA2_h1_dBFA2-37C-R2-Time24_R2.fastq.gz
dBFA2,dBFA2-37C-R2-Time32,dBFA2_h1_dBFA2-37C-R2-Time32_R1.fastq.gz,dBFA2_h1_dBFA2-37C-R2-Time32_R2.fastq.gz
dBFA2,dBFA2-37C-R2-Time40,dBFA2_h1_dBFA2-37C-R2-Time40_R1.fastq.gz,dBFA2_h1_dBFA2-37C-R2-Time40_R2.fastq.gz
dBFA2,dBFA2-37C-R2-Time8,dBFA2_h1_dBFA2-37C-R2-Time8_R1.fastq.gz,dBFA2_h1_dBFA2-37C-R2-Time8_R2.fastq.gz
dBFA2,dBFA2-37C-R3-Time16,dBFA2_h1_dBFA2-37C-R3-Time16_R1.fastq.gz,dBFA2_h1_dBFA2-37C-R3-Time16_R2.fastq.gz
dBFA2,dBFA2-37C-R3-Time24,dBFA2_h1_dBFA2-37C-R3-Time24_R1.fastq.gz,dBFA2_h1_dBFA2-37C-R3-Time24_R2.fastq.gz
dBFA2,dBFA2-37C-R3-Time32,dBFA2_h1_dBFA2-37C-R3-Time32_R1.fastq.gz;hBFA2_dBFA2_h2_dBFA2-37C-R3-Time32_R1.fastq.gz,dBFA2_h1_dBFA2-37C-R3-Time32_R2.fastq.gz;hBFA2_dBFA2_h2_dBFA2-37C-R3-Time32_R2.fastq.gz
dBFA2,dBFA2-37C-R3-Time40,dBFA2_h1_dBFA2-37C-R3-Time40_R1.fastq.gz,dBFA2_h1_dBFA2-37C-R3-Time40_R2.fastq.gz
dBFA2,dBFA2-37C-R3-Time8,dBFA2_h1_dBFA2-37C-R3-Time8_R1.fastq.gz,dBFA2_h1_dBFA2-37C-R3-Time8_R2.fastq.gz
dBFA2,dBFA2-37C_Stan-R1-Time16,dBFA2_s2_dBFA2-37C_Stan-R1-Time16_R1.fastq.gz,dBFA2_s2_dBFA2-37C_Stan-R1-Time16_R2.fastq.gz
dBFA2,dBFA2-37C_Stan-R1-Time24,dBFA2_s2_dBFA2-37C_Stan-R1-Time24_R1.fastq.gz,dBFA2_s2_dBFA2-37C_Stan-R1-Time24_R2.fastq.gz
dBFA2,dBFA2-37C_Stan-R1-Time32,dBFA2_s2_dBFA2-37C_Stan-R1-Time32_R1.fastq.gz,dBFA2_s2_dBFA2-37C_Stan-R1-Time32_R2.fastq.gz
dBFA2,dBFA2-37C_Stan-R1-Time40,dBFA2_s2_dBFA2-37C_Stan-R1-Time40_R1.fastq.gz,dBFA2_s2_dBFA2-37C_Stan-R1-Time40_R2.fastq.gz
dBFA2,dBFA2-37C_Stan-R1-Time8,dBFA2_s2_dBFA2-37C_Stan-R1-Time8_R1.fastq.gz,dBFA2_s2_dBFA2-37C_Stan-R1-Time8_R2.fastq.gz
dBFA2,dBFA2-37C_Stan-R2-Time16,dBFA2_s2_dBFA2-37C_Stan-R2-Time16_R1.fastq.gz,dBFA2_s2_dBFA2-37C_Stan-R2-Time16_R2.fastq.gz
dBFA2,dBFA2-37C_Stan-R2-Time24,dBFA2_s2_dBFA2-37C_Stan-R2-Time24_R1.fastq.gz,dBFA2_s2_dBFA2-37C_Stan-R2-Time24_R2.fastq.gz
dBFA2,dBFA2-37C_Stan-R2-Time32,dBFA2_s2_dBFA2-37C_Stan-R2-Time32_R1.fastq.gz,dBFA2_s2_dBFA2-37C_Stan-R2-Time32_R2.fastq.gz
dBFA2,dBFA2-37C_Stan-R2-Time40,dBFA2_s2_dBFA2-37C_Stan-R2-Time40_R1.fastq.gz,dBFA2_s2_dBFA2-37C_Stan-R2-Time40_R2.fastq.gz
dBFA2,dBFA2-37C_Stan-R2-Time8,dBFA2_s2_dBFA2-37C_Stan-R2-Time8_R1.fastq.gz,dBFA2_s2_dBFA2-37C_Stan-R2-Time8_R2.fastq.gz
dBFA2,dBFA2-37C_Stan-R3-Time16,dBFA2_s2_dBFA2-37C_Stan-R3-Time16_R1.fastq.gz,dBFA2_s2_dBFA2-37C_Stan-R3-Time16_R2.fastq.gz
dBFA2,dBFA2-37C_Stan-R3-Time24,dBFA2_s2_dBFA2-37C_Stan-R3-Time24_R1.fastq.gz,dBFA2_s2_dBFA2-37C_Stan-R3-Time24_R2.fastq.gz
dBFA2,dBFA2-37C_Stan-R3-Time32,dBFA2_s2_dBFA2-37C_Stan-R3-Time32_R1.fastq.gz,dBFA2_s2_dBFA2-37C_Stan-R3-Time32_R2.fastq.gz
dBFA2,dBFA2-37C_Stan-R3-Time40,dBFA2_s2_dBFA2-37C_Stan-R3-Time40_R1.fastq.gz,dBFA2_s2_dBFA2-37C_Stan-R3-Time40_R2.fastq.gz
dBFA2,dBFA2-37C_Stan-R3-Time8,dBFA2_s2_dBFA2-37C_Stan-R3-Time8_R1.fastq.gz,dBFA2_s2_dBFA2-37C_Stan-R3-Time8_R2.fastq.gz
dBFA2,dBFA2-48Hr-R1-Time8,hBFA2_dBFA2_h2_dBFA2-48Hr-R1-Time8_R1.fastq.gz,hBFA2_dBFA2_h2_dBFA2-48Hr-R1-Time8_R2.fastq.gz
dBFA2,dBFA2-48Hr-R3-Time32,hBFA2_dBFA2_h2_dBFA2-48Hr-R3-Time32_R1.fastq.gz,hBFA2_dBFA2_h2_dBFA2-48Hr-R3-Time32_R2.fastq.gz
dBFA2,dBFA2-CLM-R1-Time16,dBFA2_s2_dBFA2-CLM-R1-Time16_R1.fastq.gz,dBFA2_s2_dBFA2-CLM-R1-Time16_R2.fastq.gz
dBFA2,dBFA2-CLM-R1-Time24,dBFA2_s2_dBFA2-CLM-R1-Time24_R1.fastq.gz,dBFA2_s2_dBFA2-CLM-R1-Time24_R2.fastq.gz
dBFA2,dBFA2-CLM-R1-Time32,dBFA2_s2_dBFA2-CLM-R1-Time32_R1.fastq.gz,dBFA2_s2_dBFA2-CLM-R1-Time32_R2.fastq.gz
dBFA2,dBFA2-CLM-R1-Time40,dBFA2_s2_dBFA2-CLM-R1-Time40_R1.fastq.gz,dBFA2_s2_dBFA2-CLM-R1-Time40_R2.fastq.gz
dBFA2,dBFA2-CLM-R1-Time8,dBFA2_s2_dBFA2-CLM-R1-Time8_R1.fastq.gz,dBFA2_s2_dBFA2-CLM-R1-Time8_R2.fastq.gz
dBFA2,dBFA2-CLM-R2-Time16,dBFA2_s2_dBFA2-CLM-R2-Time16_R1.fastq.gz,dBFA2_s2_dBFA2-CLM-R2-Time16_R2.fastq.gz
dBFA2,dBFA2-CLM-R2-Time24,dBFA2_s2_dBFA2-CLM-R2-Time24_R1.fastq.gz,dBFA2_s2_dBFA2-CLM-R2-Time24_R2.fastq.gz
dBFA2,dBFA2-CLM-R2-Time32,dBFA2_s2_dBFA2-CLM-R2-Time32_R1.fastq.gz,dBFA2_s2_dBFA2-CLM-R2-Time32_R2.fastq.gz
dBFA2,dBFA2-CLM-R2-Time40,dBFA2_s2_dBFA2-CLM-R2-Time40_R1.fastq.gz,dBFA2_s2_dBFA2-CLM-R2-Time40_R2.fastq.gz
dBFA2,dBFA2-CLM-R2-Time8,dBFA2_s2_dBFA2-CLM-R2-Time8_R1.fastq.gz,dBFA2_s2_dBFA2-CLM-R2-Time8_R2.fastq.gz
dBFA2,dBFA2-CLM-R3-Time16,dBFA2_s2_dBFA2-CLM-R3-Time16_R1.fastq.gz,dBFA2_s2_dBFA2-CLM-R3-Time16_R2.fastq.gz
dBFA2,dBFA2-CLM-R3-Time24,dBFA2_s2_dBFA2-CLM-R3-Time24_R1.fastq.gz,dBFA2_s2_dBFA2-CLM-R3-Time24_R2.fastq.gz
dBFA2,dBFA2-CLM-R3-Time32,dBFA2_s2_dBFA2-CLM-R3-Time32_R1.fastq.gz,dBFA2_s2_dBFA2-CLM-R3-Time32_R2.fastq.gz
dBFA2,dBFA2-CLM-R3-Time40,dBFA2_s2_dBFA2-CLM-R3-Time40_R1.fastq.gz,dBFA2_s2_dBFA2-CLM-R3-Time40_R2.fastq.gz
dBFA2,dBFA2-CLM-R3-Time8,dBFA2_s2_dBFA2-CLM-R3-Time8_R1.fastq.gz,dBFA2_s2_dBFA2-CLM-R3-Time8_R2.fastq.gz
dBFA2,dBFA2-FLC4-R1-Time16,dBFA2_s1_dBFA2-FLC4-R1-Time16_R1.fastq.gz,dBFA2_s1_dBFA2-FLC4-R1-Time16_R2.fastq.gz
dBFA2,dBFA2-FLC4-R1-Time24,dBFA2_s1_dBFA2-FLC4-R1-Time24_R1.fastq.gz,dBFA2_s1_dBFA2-FLC4-R1-Time24_R2.fastq.gz
dBFA2,dBFA2-FLC4-R1-Time32,dBFA2_s1_dBFA2-FLC4-R1-Time32_R1.fastq.gz,dBFA2_s1_dBFA2-FLC4-R1-Time32_R2.fastq.gz
dBFA2,dBFA2-FLC4-R1-Time40,dBFA2_s1_dBFA2-FLC4-R1-Time40_R1.fastq.gz,dBFA2_s1_dBFA2-FLC4-R1-Time40_R2.fastq.gz
dBFA2,dBFA2-FLC4-R1-Time8,dBFA2_s1_dBFA2-FLC4-R1-Time8_R1.fastq.gz,dBFA2_s1_dBFA2-FLC4-R1-Time8_R2.fastq.gz
dBFA2,dBFA2-FLC4-R2-Time16,dBFA2_s1_dBFA2-FLC4-R2-Time16_R1.fastq.gz,dBFA2_s1_dBFA2-FLC4-R2-Time16_R2.fastq.gz
dBFA2,dBFA2-FLC4-R2-Time24,dBFA2_s1_dBFA2-FLC4-R2-Time24_R1.fastq.gz,dBFA2_s1_dBFA2-FLC4-R2-Time24_R2.fastq.gz
dBFA2,dBFA2-FLC4-R2-Time32,dBFA2_s1_dBFA2-FLC4-R2-Time32_R1.fastq.gz,dBFA2_s1_dBFA2-FLC4-R2-Time32_R2.fastq.gz
dBFA2,dBFA2-FLC4-R2-Time40,dBFA2_s1_dBFA2-FLC4-R2-Time40_R1.fastq.gz,dBFA2_s1_dBFA2-FLC4-R2-Time40_R2.fastq.gz
dBFA2,dBFA2-FLC4-R2-Time8,dBFA2_s1_dBFA2-FLC4-R2-Time8_R1.fastq.gz,dBFA2_s1_dBFA2-FLC4-R2-Time8_R2.fastq.gz
dBFA2,dBFA2-FLC4-R3-Time16,dBFA2_s1_dBFA2-FLC4-R3-Time16_R1.fastq.gz,dBFA2_s1_dBFA2-FLC4-R3-Time16_R2.fastq.gz
dBFA2,dBFA2-FLC4-R3-Time24,dBFA2_s1_dBFA2-FLC4-R3-Time24_R1.fastq.gz,dBFA2_s1_dBFA2-FLC4-R3-Time24_R2.fastq.gz
dBFA2,dBFA2-FLC4-R3-Time32,dBFA2_s1_dBFA2-FLC4-R3-Time32_R1.fastq.gz,dBFA2_s1_dBFA2-FLC4-R3-Time32_R2.fastq.gz
dBFA2,dBFA2-FLC4-R3-Time40,dBFA2_s1_dBFA2-FLC4-R3-Time40_R1.fastq.gz,dBFA2_s1_dBFA2-FLC4-R3-Time40_R2.fastq.gz
dBFA2,dBFA2-FLC4-R3-Time8,dBFA2_s1_dBFA2-FLC4-R3-Time8_R1.fastq.gz,dBFA2_s1_dBFA2-FLC4-R3-Time8_R2.fastq.gz
dBFA2,dBFA2-FLC4_2N-R1-Subpool,dBFA2-FLC4_2N-R1-Subpool_S34_R1_001.fastq.gz,
dBFA2,dBFA2-GlyEtOH-R1-Time16,dBFA2_s1_dBFA2-GlyEtOH-R1-Time16_R1.fastq.gz,dBFA2_s1_dBFA2-GlyEtOH-R1-Time16_R2.fastq.gz
dBFA2,dBFA2-GlyEtOH-R1-Time24,dBFA2_s1_dBFA2-GlyEtOH-R1-Time24_R1.fastq.gz,dBFA2_s1_dBFA2-GlyEtOH-R1-Time24_R2.fastq.gz
dBFA2,dBFA2-GlyEtOH-R1-Time32,dBFA2_s1_dBFA2-GlyEtOH-R1-Time32_R1.fastq.gz,dBFA2_s1_dBFA2-GlyEtOH-R1-Time32_R2.fastq.gz
dBFA2,dBFA2-GlyEtOH-R1-Time40,dBFA2_s1_dBFA2-GlyEtOH-R1-Time40_R1.fastq.gz,dBFA2_s1_dBFA2-GlyEtOH-R1-Time40_R2.fastq.gz
dBFA2,dBFA2-GlyEtOH-R1-Time8,dBFA2_s1_dBFA2-GlyEtOH-R1-Time8_R1.fastq.gz,dBFA2_s1_dBFA2-GlyEtOH-R1-Time8_R2.fastq.gz
dBFA2,dBFA2-GlyEtOH-R2-Time16,dBFA2_s1_dBFA2-GlyEtOH-R2-Time16_R1.fastq.gz,dBFA2_s1_dBFA2-GlyEtOH-R2-Time16_R2.fastq.gz
dBFA2,dBFA2-GlyEtOH-R2-Time24,dBFA2_s1_dBFA2-GlyEtOH-R2-Time24_R1.fastq.gz,dBFA2_s1_dBFA2-GlyEtOH-R2-Time24_R2.fastq.gz
dBFA2,dBFA2-GlyEtOH-R2-Time32,dBFA2_s1_dBFA2-GlyEtOH-R2-Time32_R1.fastq.gz,dBFA2_s1_dBFA2-GlyEtOH-R2-Time32_R2.fastq.gz
dBFA2,dBFA2-GlyEtOH-R2-Time40,dBFA2_s1_dBFA2-GlyEtOH-R2-Time40_R1.fastq.gz,dBFA2_s1_dBFA2-GlyEtOH-R2-Time40_R2.fastq.gz
dBFA2,dBFA2-GlyEtOH-R2-Time8,dBFA2_s1_dBFA2-GlyEtOH-R2-Time8_R1.fastq.gz,dBFA2_s1_dBFA2-GlyEtOH-R2-Time8_R2.fastq.gz
dBFA2,dBFA2-GlyEtOH-R3-Time16,dBFA2_s1_dBFA2-GlyEtOH-R3-Time16_R1.fastq.gz,dBFA2_s1_dBFA2-GlyEtOH-R3-Time16_R2.fastq.gz
dBFA2,dBFA2-GlyEtOH-R3-Time24,dBFA2_s1_dBFA2-GlyEtOH-R3-Time24_R1.fastq.gz,dBFA2_s1_dBFA2-GlyEtOH-R3-Time24_R2.fastq.gz
dBFA2,dBFA2-GlyEtOH-R3-Time32,dBFA2_s1_dBFA2-GlyEtOH-R3-Time32_R1.fastq.gz,dBFA2_s1_dBFA2-GlyEtOH-R3-Time32_R2.fastq.gz
dBFA2,dBFA2-GlyEtOH-R3-Time40,dBFA2_s1_dBFA2-GlyEtOH-R3-Time40_R1.fastq.gz,dBFA2_s1_dBFA2-GlyEtOH-R3-Time40_R2.fastq.gz
dBFA2,dBFA2-GlyEtOH-R3-Time8,dBFA2_s1_dBFA2-GlyEtOH-R3-Time8_R1.fastq.gz,dBFA2_s1_dBFA2-GlyEtOH-R3-Time8_R2.fastq.gz
dBFA2,dBFA2-Pre-R0-Time0,dBFA2_s1_dBFA2-Pre-R0-Time0_R1.fastq.gz,dBFA2_s1_dBFA2-Pre-R0-Time0_R2.fastq.gz
dBFA2,dBFA2-Pre-R14-Time0,dBFA2_s2_dBFA2-Pre-R14-Time0_R1.fastq.gz,dBFA2_s2_dBFA2-Pre-R14-Time0_R2.fastq.gz
dBFA2,dBFA2-SC-R1-Time16,hBFA2_dBFA2_h2_dBFA2-SC-R1-Time16_R1.fastq.gz,hBFA2_dBFA2_h2_dBFA2-SC-R1-Time16_R2.fastq.gz
dBFA2,dBFA2-SC-R1-Time24,dBFA2_h1_dBFA2-SC-R1-Time24_R1.fastq.gz,dBFA2_h1_dBFA2-SC-R1-Time24_R2.fastq.gz
dBFA2,dBFA2-SC-R1-Time32,dBFA2_h1_dBFA2-SC-R1-Time32_R1.fastq.gz,dBFA2_h1_dBFA2-SC-R1-Time32_R2.fastq.gz
dBFA2,dBFA2-SC-R1-Time40,dBFA2_h1_dBFA2-SC-R1-Time40_R1.fastq.gz,dBFA2_h1_dBFA2-SC-R1-Time40_R2.fastq.gz
dBFA2,dBFA2-SC-R1-Time8,dBFA2_h1_dBFA2-SC-R1-Time8_R1.fastq.gz,dBFA2_h1_dBFA2-SC-R1-Time8_R2.fastq.gz
dBFA2,dBFA2-SC-R2-Time16,dBFA2_h1_dBFA2-SC-R2-Time16_R1.fastq.gz,dBFA2_h1_dBFA2-SC-R2-Time16_R2.fastq.gz
dBFA2,dBFA2-SC-R2-Time24,dBFA2_h1_dBFA2-SC-R2-Time24_R1.fastq.gz,dBFA2_h1_dBFA2-SC-R2-Time24_R2.fastq.gz
dBFA2,dBFA2-SC-R2-Time32,dBFA2_h1_dBFA2-SC-R2-Time32_R1.fastq.gz,dBFA2_h1_dBFA2-SC-R2-Time32_R2.fastq.gz
dBFA2,dBFA2-SC-R2-Time40,dBFA2_h1_dBFA2-SC-R2-Time40_R1.fastq.gz;hBFA2_dBFA2_h2_dBFA2-SC-R2-Time40_R1.fastq.gz,dBFA2_h1_dBFA2-SC-R2-Time40_R2.fastq.gz;hBFA2_dBFA2_h2_dBFA2-SC-R2-Time40_R2.fastq.gz
dBFA2,dBFA2-SC-R2-Time8,dBFA2_h1_dBFA2-SC-R2-Time8_R1.fastq.gz,dBFA2_h1_dBFA2-SC-R2-Time8_R2.fastq.gz
dBFA2,dBFA2-SC-R3-Time16,dBFA2_h1_dBFA2-SC-R3-Time16_R1.fastq.gz,dBFA2_h1_dBFA2-SC-R3-Time16_R2.fastq.gz
dBFA2,dBFA2-SC-R3-Time24,dBFA2_h1_dBFA2-SC-R3-Time24_R1.fastq.gz,dBFA2_h1_dBFA2-SC-R3-Time24_R2.fastq.gz
dBFA2,dBFA2-SC-R3-Time32,dBFA2_h1_dBFA2-SC-R3-Time32_R1.fastq.gz,dBFA2_h1_dBFA2-SC-R3-Time32_R2.fastq.gz
dBFA2,dBFA2-SC-R3-Time40,dBFA2_h1_dBFA2-SC-R3-Time40_R1.fastq.gz,dBFA2_h1_dBFA2-SC-R3-Time40_R2.fastq.gz
dBFA2,dBFA2-SC-R3-Time8,dBFA2_h1_dBFA2-SC-R3-Time8_R1.fastq.gz,dBFA2_h1_dBFA2-SC-R3-Time8_R2.fastq.gz
dBFA2,dBFA2-T0_Pool-NA-Time0,dBFA2_h1_dBFA2-T0_Pool-NA-Time0_R1.fastq.gz,dBFA2_h1_dBFA2-T0_Pool-NA-Time0_R2.fastq.gz
dBFA2,dBFA2-YPD-R1-Time16,dBFA2_h1_dBFA2-YPD-R1-Time16_R1.fastq.gz,dBFA2_h1_dBFA2-YPD-R1-Time16_R2.fastq.gz
dBFA2,dBFA2-YPD-R1-Time24,dBFA2_h1_dBFA2-YPD-R1-Time24_R1.fastq.gz,dBFA2_h1_dBFA2-YPD-R1-Time24_R2.fastq.gz
dBFA2,dBFA2-YPD-R1-Time32,dBFA2_h1_dBFA2-YPD-R1-Time32_R1.fastq.gz,dBFA2_h1_dBFA2-YPD-R1-Time32_R2.fastq.gz
dBFA2,dBFA2-YPD-R1-Time40,hBFA2_dBFA2_h2_dBFA2-YPD-R1-Time40_R1.fastq.gz,hBFA2_dBFA2_h2_dBFA2-YPD-R1-Time40_R2.fastq.gz
dBFA2,dBFA2-YPD-R1-Time8,dBFA2_h1_dBFA2-YPD-R1-Time8_R1.fastq.gz,dBFA2_h1_dBFA2-YPD-R1-Time8_R2.fastq.gz
dBFA2,dBFA2-YPD-R2-Time16,dBFA2_h1_dBFA2-YPD-R2-Time16_R1.fastq.gz,dBFA2_h1_dBFA2-YPD-R2-Time16_R2.fastq.gz
dBFA2,dBFA2-YPD-R2-Time24,dBFA2_h1_dBFA2-YPD-R2-Time24_R1.fastq.gz,dBFA2_h1_dBFA2-YPD-R2-Time24_R2.fastq.gz
dBFA2,dBFA2-YPD-R2-Time32,dBFA2_h1_dBFA2-YPD-R2-Time32_R1.fastq.gz,dBFA2_h1_dBFA2-YPD-R2-Time32_R2.fastq.gz
dBFA2,dBFA2-YPD-R2-Time40,dBFA2_h1_dBFA2-YPD-R2-Time40_R1.fastq.gz,dBFA2_h1_dBFA2-YPD-R2-Time40_R2.fastq.gz
dBFA2,dBFA2-YPD-R2-Time8,dBFA2_h1_dBFA2-YPD-R2-Time8_R1.fastq.gz,dBFA2_h1_dBFA2-YPD-R2-Time8_R2.fastq.gz
dBFA2,dBFA2-YPD-R3-Time16,dBFA2_h1_dBFA2-YPD-R3-Time16_R1.fastq.gz,dBFA2_h1_dBFA2-YPD-R3-Time16_R2.fastq.gz
dBFA2,dBFA2-YPD-R3-Time24,dBFA2_h1_dBFA2-YPD-R3-Time24_R1.fastq.gz,dBFA2_h1_dBFA2-YPD-R3-Time24_R2.fastq.gz
dBFA2,dBFA2-YPD-R3-Time32,dBFA2_h1_dBFA2-YPD-R3-Time32_R1.fastq.gz,dBFA2_h1_dBFA2-YPD-R3-Time32_R2.fastq.gz
dBFA2,dBFA2-YPD-R3-Time40,dBFA2_h1_dBFA2-YPD-R3-Time40_R1.fastq.gz,dBFA2_h1_dBFA2-YPD-R3-Time40_R2.fastq.gz
dBFA2,dBFA2-YPD-R3-Time8,dBFA2_h1_dBFA2-YPD-R3-Time8_R1.fastq.gz,dBFA2_h1_dBFA2-YPD-R3-Time8_R2.fastq.gz
dBFA2,dBFA2-pH3_8-R1-Time16,dBFA2_h1_dBFA2-pH3_8-R1-Time16_R1.fastq.gz,dBFA2_h1_dBFA2-pH3_8-R1-Time16_R2.fastq.gz
dBFA2,dBFA2-pH3_8-R1-Time24,dBFA2_h1_dBFA2-pH3_8-R1-Time24_R1.fastq.gz,dBFA2_h1_dBFA2-pH3_8-R1-Time24_R2.fastq.gz
dBFA2,dBFA2-pH3_8-R1-Time32,hBFA2_dBFA2_h2_dBFA2-pH3_8-R1-Time32_R1.fastq.gz,hBFA2_dBFA2_h2_dBFA2-pH3_8-R1-Time32_R2.fastq.gz
dBFA2,dBFA2-pH3_8-R1-Time40,dBFA2_h1_dBFA2-pH3_8-R1-Time40_R1.fastq.gz,dBFA2_h1_dBFA2-pH3_8-R1-Time40_R2.fastq.gz
dBFA2,dBFA2-pH3_8-R1-Time8,dBFA2_h1_dBFA2-pH3_8-R1-Time8_R1.fastq.gz,dBFA2_h1_dBFA2-pH3_8-R1-Time8_R2.fastq.gz
dBFA2,dBFA2-pH3_8-R2-Time16,dBFA2_h1_dBFA2-pH3_8-R2-Time16_R1.fastq.gz;hBFA2_dBFA2_h2_dBFA2-pH3_8-R2-Time16_R1.fastq.gz,dBFA2_h1_dBFA2-pH3_8-R2-Time16_R2.fastq.gz;hBFA2_dBFA2_h2_dBFA2-pH3_8-R2-Time16_R2.fastq.gz
dBFA2,dBFA2-pH3_8-R2-Time24,dBFA2_h1_dBFA2-pH3_8-R2-Time24_R1.fastq.gz;hBFA2_dBFA2_h2_dBFA2-pH3_8-R2-Time24_R1.fastq.gz,dBFA2_h1_dBFA2-pH3_8-R2-Time24_R2.fastq.gz;hBFA2_dBFA2_h2_dBFA2-pH3_8-R2-Time24_R2.fastq.gz
dBFA2,dBFA2-pH3_8-R2-Time32,hBFA2_dBFA2_h2_dBFA2-pH3_8-R2-Time32_R1.fastq.gz,hBFA2_dBFA2_h2_dBFA2-pH3_8-R2-Time32_R2.fastq.gz
dBFA2,dBFA2-pH3_8-R2-Time40,hBFA2_dBFA2_h2_dBFA2-pH3_8-R2-Time40_R1.fastq.gz,hBFA2_dBFA2_h2_dBFA2-pH3_8-R2-Time40_R2.fastq.gz
dBFA2,dBFA2-pH3_8-R2-Time8,dBFA2_h1_dBFA2-pH3_8-R2-Time8_R1.fastq.gz,dBFA2_h1_dBFA2-pH3_8-R2-Time8_R2.fastq.gz
dBFA2,dBFA2-pH3_8-R3-Time16,dBFA2_h1_dBFA2-pH3_8-R3-Time16_R1.fastq.gz,dBFA2_h1_dBFA2-pH3_8-R3-Time16_R2.fastq.gz
dBFA2,dBFA2-pH3_8-R3-Time24,dBFA2_h1_dBFA2-pH3_8-R3-Time24_R1.fastq.gz,dBFA2_h1_dBFA2-pH3_8-R3-Time24_R2.fastq.gz
dBFA2,dBFA2-pH3_8-R3-Time32,dBFA2_h1_dBFA2-pH3_8-R3-Time32_R1.fastq.gz,dBFA2_h1_dBFA2-pH3_8-R3-Time32_R2.fastq.gz
dBFA2,dBFA2-pH3_8-R3-Time40,dBFA2_h1_dBFA2-pH3_8-R3-Time40_R1.fastq.gz,dBFA2_h1_dBFA2-pH3_8-R3-Time40_R2.fastq.gz
dBFA2,dBFA2-pH3_8-R3-Time8,dBFA2_h1_dBFA2-pH3_8-R3-Time8_R1.fastq.gz,dBFA2_h1_dBFA2-pH3_8-R3-Time8_R2.fastq.gz
dBFA2,dBFA2-pH7_3-R1-Time16,dBFA2_h1_dBFA2-pH7_3-R1-Time16_R1.fastq.gz,dBFA2_h1_dBFA2-pH7_3-R1-Time16_R2.fastq.gz
dBFA2,dBFA2-pH7_3-R1-Time24,dBFA2_h1_dBFA2-pH7_3-R1-Time24_R1.fastq.gz,dBFA2_h1_dBFA2-pH7_3-R1-Time24_R2.fastq.gz
dBFA2,dBFA2-pH7_3-R1-Time32,dBFA2_h1_dBFA2-pH7_3-R1-Time32_R1.fastq.gz,dBFA2_h1_dBFA2-pH7_3-R1-Time32_R2.fastq.gz
dBFA2,dBFA2-pH7_3-R1-Time40,dBFA2_h1_dBFA2-pH7_3-R1-Time40_R1.fastq.gz,dBFA2_h1_dBFA2-pH7_3-R1-Time40_R2.fastq.gz
dBFA2,dBFA2-pH7_3-R1-Time8,dBFA2_h1_dBFA2-pH7_3-R1-Time8_R1.fastq.gz,dBFA2_h1_dBFA2-pH7_3-R1-Time8_R2.fastq.gz
dBFA2,dBFA2-pH7_3-R2-Time16,dBFA2_h1_dBFA2-pH7_3-R2-Time16_R1.fastq.gz;hBFA2_dBFA2_h2_dBFA2-pH7_3-R2-Time16_R1.fastq.gz,dBFA2_h1_dBFA2-pH7_3-R2-Time16_R2.fastq.gz;hBFA2_dBFA2_h2_dBFA2-pH7_3-R2-Time16_R2.fastq.gz
dBFA2,dBFA2-pH7_3-R2-Time24,dBFA2_h1_dBFA2-pH7_3-R2-Time24_R1.fastq.gz,dBFA2_h1_dBFA2-pH7_3-R2-Time24_R2.fastq.gz
dBFA2,dBFA2-pH7_3-R2-Time32,dBFA2_h1_dBFA2-pH7_3-R2-Time32_R1.fastq.gz,dBFA2_h1_dBFA2-pH7_3-R2-Time32_R2.fastq.gz
dBFA2,dBFA2-pH7_3-R2-Time40,dBFA2_h1_dBFA2-pH7_3-R2-Time40_R1.fastq.gz,dBFA2_h1_dBFA2-pH7_3-R2-Time40_R2.fastq.gz
dBFA2,dBFA2-pH7_3-R2-Time8,dBFA2_h1_dBFA2-pH7_3-R2-Time8_R1.fastq.gz,dBFA2_h1_dBFA2-pH7_3-R2-Time8_R2.fastq.gz
dBFA2,dBFA2-pH7_3-R3-Time16,dBFA2_h1_dBFA2-pH7_3-R3-Time16_R1.fastq.gz,dBFA2_h1_dBFA2-pH7_3-R3-Time16_R2.fastq.gz
dBFA2,dBFA2-pH7_3-R3-Time24,dBFA2_h1_dBFA2-pH7_3-R3-Time24_R1.fastq.gz,dBFA2_h1_dBFA2-pH7_3-R3-Time24_R2.fastq.gz
dBFA2,dBFA2-pH7_3-R3-Time32,dBFA2_h1_dBFA2-pH7_3-R3-Time32_R1.fastq.gz,dBFA2_h1_dBFA2-pH7_3-R3-Time32_R2.fastq.gz
dBFA2,dBFA2-pH7_3-R3-Time40,dBFA2_h1_dBFA2-pH7_3-R3-Time40_R1.fastq.gz,dBFA2_h1_dBFA2-pH7_3-R3-Time40_R2.fastq.gz
dBFA2,dBFA2-pH7_3-R3-Time8,dBFA2_h1_dBFA2-pH7_3-R3-Time8_R1.fastq.gz,dBFA2_h1_dBFA2-pH7_3-R3-Time8_R2.fastq.gz
hBFA2,hBFA2-02M_NaCl-R1-Time16,hBFA2_s_hBFA2-02M_NaCl-R1-Time16_R1.fastq.gz,hBFA2_s_hBFA2-02M_NaCl-R1-Time16_R2.fastq.gz
hBFA2,hBFA2-02M_NaCl-R1-Time24,hBFA2_s_hBFA2-02M_NaCl-R1-Time24_R1.fastq.gz,hBFA2_s_hBFA2-02M_NaCl-R1-Time24_R2.fastq.gz
hBFA2,hBFA2-02M_NaCl-R1-Time32,hBFA2_s_hBFA2-02M_NaCl-R1-Time32_R1.fastq.gz,hBFA2_s_hBFA2-02M_NaCl-R1-Time32_R2.fastq.gz
hBFA2,hBFA2-02M_NaCl-R1-Time40,hBFA2_s_hBFA2-02M_NaCl-R1-Time40_R1.fastq.gz,hBFA2_s_hBFA2-02M_NaCl-R1-Time40_R2.fastq.gz
hBFA2,hBFA2-02M_NaCl-R1-Time8,hBFA2_s_hBFA2-02M_NaCl-R1-Time8_R1.fastq.gz,hBFA2_s_hBFA2-02M_NaCl-R1-Time8_R2.fastq.gz
hBFA2,hBFA2-02M_NaCl-R2-Time16,hBFA2_s_hBFA2-02M_NaCl-R2-Time16_R1.fastq.gz,hBFA2_s_hBFA2-02M_NaCl-R2-Time16_R2.fastq.gz
hBFA2,hBFA2-02M_NaCl-R2-Time24,hBFA2_s_hBFA2-02M_NaCl-R2-Time24_R1.fastq.gz,hBFA2_s_hBFA2-02M_NaCl-R2-Time24_R2.fastq.gz
hBFA2,hBFA2-02M_NaCl-R2-Time32,hBFA2_s_hBFA2-02M_NaCl-R2-Time32_R1.fastq.gz,hBFA2_s_hBFA2-02M_NaCl-R2-Time32_R2.fastq.gz
hBFA2,hBFA2-02M_NaCl-R2-Time40,hBFA2_s_hBFA2-02M_NaCl-R2-Time40_R1.fastq.gz,hBFA2_s_hBFA2-02M_NaCl-R2-Time40_R2.fastq.gz
hBFA2,hBFA2-02M_NaCl-R2-Time8,hBFA2_s_hBFA2-02M_NaCl-R2-Time8_R1.fastq.gz,hBFA2_s_hBFA2-02M_NaCl-R2-Time8_R2.fastq.gz
hBFA2,hBFA2-02M_NaCl-R3-Time16,hBFA2_s_hBFA2-02M_NaCl-R3-Time16_R1.fastq.gz,hBFA2_s_hBFA2-02M_NaCl-R3-Time16_R2.fastq.gz
hBFA2,hBFA2-02M_NaCl-R3-Time24,hBFA2_s_hBFA2-02M_NaCl-R3-Time24_R1.fastq.gz,hBFA2_s_hBFA2-02M_NaCl-R3-Time24_R2.fastq.gz
hBFA2,hBFA2-02M_NaCl-R3-Time32,hBFA2_s_hBFA2-02M_NaCl-R3-Time32_R1.fastq.gz,hBFA2_s_hBFA2-02M_NaCl-R3-Time32_R2.fastq.gz
hBFA2,hBFA2-02M_NaCl-R3-Time40,hBFA2_s_hBFA2-02M_NaCl-R3-Time40_R1.fastq.gz,hBFA2_s_hBFA2-02M_NaCl-R3-Time40_R2.fastq.gz
hBFA2,hBFA2-02M_NaCl-R3-Time8,hBFA2_s_hBFA2-02M_NaCl-R3-Time8_R1.fastq.gz,hBFA2_s_hBFA2-02M_NaCl-R3-Time8_R2.fastq.gz
hBFA2,hBFA2-02M_NaCl_alpha-R1-Subpool,hBFA2-02M_NaCl_alpha-R1-Subpool_S28_R1_001.fastq.gz,
hBFA2,hBFA2-08M_NaCl-R1-Time16,hBFA2_s_hBFA2-08M_NaCl-R1-Time16_R1.fastq.gz,hBFA2_s_hBFA2-08M_NaCl-R1-Time16_R2.fastq.gz
hBFA2,hBFA2-08M_NaCl-R1-Time24,hBFA2_s_hBFA2-08M_NaCl-R1-Time24_R1.fastq.gz,hBFA2_s_hBFA2-08M_NaCl-R1-Time24_R2.fastq.gz
hBFA2,hBFA2-08M_NaCl-R1-Time32,hBFA2_s_hBFA2-08M_NaCl-R1-Time32_R1.fastq.gz,hBFA2_s_hBFA2-08M_NaCl-R1-Time32_R2.fastq.gz
hBFA2,hBFA2-08M_NaCl-R1-Time40,hBFA2_s_hBFA2-08M_NaCl-R1-Time40_R1.fastq.gz,hBFA2_s_hBFA2-08M_NaCl-R1-Time40_R2.fastq.gz
hBFA2,hBFA2-08M_NaCl-R1-Time8,hBFA2_s_hBFA2-08M_NaCl-R1-Time8_R1.fastq.gz,hBFA2_s_hBFA2-08M_NaCl-R1-Time8_R2.fastq.gz
hBFA2,hBFA2-08M_NaCl-R2-Time16,hBFA2_s_hBFA2-08M_NaCl-R2-Time16_R1.fastq.gz,hBFA2_s_hBFA2-08M_NaCl-R2-Time16_R2.fastq.gz
hBFA2,hBFA2-08M_NaCl-R2-Time24,hBFA2_s_hBFA2-08M_NaCl-R2-Time24_R1.fastq.gz,hBFA2_s_hBFA2-08M_NaCl-R2-Time24_R2.fastq.gz
hBFA2,hBFA2-08M_NaCl-R2-Time32,hBFA2_s_hBFA2-08M_NaCl-R2-Time32_R1.fastq.gz,hBFA2_s_hBFA2-08M_NaCl-R2-Time32_R2.fastq.gz
hBFA2,hBFA2-08M_NaCl-R2-Time40,hBFA2_s_hBFA2-08M_NaCl-R2-Time40_R1.fastq.gz,hBFA2_s_hBFA2-08M_NaCl-R2-Time40_R2.fastq.gz
hBFA2,hBFA2-08M_NaCl-R2-Time8,hBFA2_s_hBFA2-08M_NaCl-R2-Time8_R1.fastq.gz,hBFA2_s_hBFA2-08M_NaCl-R2-Time8_R2.fastq.gz
hBFA2,hBFA2-08M_NaCl-R3-Time16,hBFA2_s_hBFA2-08M_NaCl-R3-Time16_R1.fastq.gz,hBFA2_s_hBFA2-08M_NaCl-R3-Time16_R2.fastq.gz
hBFA2,hBFA2-08M_NaCl-R3-Time24,hBFA2_s_hBFA2-08M_NaCl-R3-Time24_R1.fastq.gz,hBFA2_s_hBFA2-08M_NaCl-R3-Time24_R2.fastq.gz
hBFA2,hBFA2-08M_NaCl-R3-Time32,hBFA2_s_hBFA2-08M_NaCl-R3-Time32_R1.fastq.gz,hBFA2_s_hBFA2-08M_NaCl-R3-Time32_R2.fastq.gz
hBFA2,hBFA2-08M_NaCl-R3-Time40,hBFA2_s_hBFA2-08M_NaCl-R3-Time40_R1.fastq.gz,hBFA2_s_hBFA2-08M_NaCl-R3-Time40_R2.fastq.gz
hBFA2,hBFA2-08M_NaCl-R3-Time8,hBFA2_s_hBFA2-08M_NaCl-R3-Time8_R1.fastq.gz,hBFA2_s_hBFA2-08M_NaCl-R3-Time8_R2.fastq.gz
hBFA2,hBFA2-08M_NaCl_alpha-R2-Subpool,hBFA2-08M_NaCl_alpha-R2-Subpool_S29_R1_001.fastq.gz,
hBFA2,hBFA2-21C-R1-Time16,hBFA2_s_hBFA2-21C-R1-Time16_R1.fastq.gz,hBFA2_s_hBFA2-21C-R1-Time16_R2.fastq.gz
hBFA2,hBFA2-21C-R1-Time24,hBFA2_s_hBFA2-21C-R1-Time24_R1.fastq.gz,hBFA2_s_hBFA2-21C-R1-Time24_R2.fastq.gz
hBFA2,hBFA2-21C-R1-Time32,hBFA2_s_hBFA2-21C-R1-Time32_R1.fastq.gz,hBFA2_s_hBFA2-21C-R1-Time32_R2.fastq.gz
hBFA2,hBFA2-21C-R1-Time40,hBFA2_s_hBFA2-21C-R1-Time40_R1.fastq.gz,hBFA2_s_hBFA2-21C-R1-Time40_R2.fastq.gz
hBFA2,hBFA2-21C-R1-Time8,hBFA2_s_hBFA2-21C-R1-Time8_R1.fastq.gz,hBFA2_s_hBFA2-21C-R1-Time8_R2.fastq.gz
hBFA2,hBFA2-21C-R2-Time16,hBFA2_s_hBFA2-21C-R2-Time16_R1.fastq.gz,hBFA2_s_hBFA2-21C-R2-Time16_R2.fastq.gz
hBFA2,hBFA2-21C-R2-Time24,hBFA2_s_hBFA2-21C-R2-Time24_R1.fastq.gz,hBFA2_s_hBFA2-21C-R2-Time24_R2.fastq.gz
hBFA2,hBFA2-21C-R2-Time32,hBFA2_s_hBFA2-21C-R2-Time32_R1.fastq.gz,hBFA2_s_hBFA2-21C-R2-Time32_R2.fastq.gz
hBFA2,hBFA2-21C-R2-Time40,hBFA2_s_hBFA2-21C-R2-Time40_R1.fastq.gz,hBFA2_s_hBFA2-21C-R2-Time40_R2.fastq.gz
hBFA2,hBFA2-21C-R2-Time8,hBFA2_s_hBFA2-21C-R2-Time8_R1.fastq.gz,hBFA2_s_hBFA2-21C-R2-Time8_R2.fastq.gz
hBFA2,hBFA2-21C-R3-Time16,hBFA2_s_hBFA2-21C-R3-Time16_R1.fastq.gz,hBFA2_s_hBFA2-21C-R3-Time16_R2.fastq.gz
hBFA2,hBFA2-21C-R3-Time24,hBFA2_s_hBFA2-21C-R3-Time24_R1.fastq.gz,hBFA2_s_hBFA2-21C-R3-Time24_R2.fastq.gz
hBFA2,hBFA2-21C-R3-Time32,hBFA2_s_hBFA2-21C-R3-Time32_R1.fastq.gz,hBFA2_s_hBFA2-21C-R3-Time32_R2.fastq.gz
hBFA2,hBFA2-21C-R3-Time40,hBFA2_s_hBFA2-21C-R3-Time40_R1.fastq.gz,hBFA2_s_hBFA2-21C-R3-Time40_R2.fastq.gz
hBFA2,hBFA2-21C-R3-Time8,hBFA2_s_hBFA2-21C-R3-Time8_R1.fastq.gz,hBFA2_s_hBFA2-21C-R3-Time8_R2.fastq.gz
hBFA2,hBFA2-21C_alpha-R1-Subpool,hBFA2-21C_alpha-R1-Subpool_S31_R1_001.fastq.gz,
hBFA2,hBFA2-37C-R1-Time16,hBFA2_h1_hBFA2-37C-R1-Time16_R1.fastq.gz,hBFA2_h1_hBFA2-37C-R1-Time16_R2.fastq.gz
hBFA2,hBFA2-37C-R1-Time24,hBFA2_h1_hBFA2-37C-R1-Time24_R1.fastq.gz,hBFA2_h1_hBFA2-37C-R1-Time24_R2.fastq.gz
hBFA2,hBFA2-37C-R1-Time32,hBFA2_h1_hBFA2-37C-R1-Time32_R1.fastq.gz,hBFA2_h1_hBFA2-37C-R1-Time32_R2.fastq.gz
hBFA2,hBFA2-37C-R1-Time40,hBFA2_h1_hBFA2-37C-R1-Time40_R1.fastq.gz,hBFA2_h1_hBFA2-37C-R1-Time40_R2.fastq.gz
hBFA2,hBFA2-37C-R1-Time8,hBFA2_dBFA2_h2_hBFA2-37C-R1-Time8_R1.fastq.gz,hBFA2_dBFA2_h2_hBFA2-37C-R1-Time8_R2.fastq.gz
hBFA2,hBFA2-37C-R2-Time16,hBFA2_dBFA2_h2_hBFA2-37C-R2-Time16_R1.fastq.gz,hBFA2_dBFA2_h2_hBFA2-37C-R2-Time16_R2.fastq.gz
hBFA2,hBFA2-37C-R2-Time24,hBFA2_dBFA2_h2_hBFA2-37C-R2-Time24_R1.fastq.gz,hBFA2_dBFA2_h2_hBFA2-37C-R2-Time24_R2.fastq.gz
hBFA2,hBFA2-37C-R2-Time32,hBFA2_dBFA2_h2_hBFA2-37C-R2-Time32_R1.fastq.gz,hBFA2_dBFA2_h2_hBFA2-37C-R2-Time32_R2.fastq.gz
hBFA2,hBFA2-37C-R2-Time40,hBFA2_dBFA2_h2_hBFA2-37C-R2-Time40_R1.fastq.gz,hBFA2_dBFA2_h2_hBFA2-37C-R2-Time40_R2.fastq.gz
hBFA2,hBFA2-37C-R2-Time8,hBFA2_dBFA2_h2_hBFA2-37C-R2-Time8_R1.fastq.gz,hBFA2_dBFA2_h2_hBFA2-37C-R2-Time8_R2.fastq.gz
hBFA2,hBFA2-37C-R3-Time16,hBFA2_dBFA2_h2_hBFA2-37C-R3-Time16_R1.fastq.gz,hBFA2_dBFA2_h2_hBFA2-37C-R3-Time16_R2.fastq.gz
hBFA2,hBFA2-37C-R3-Time24,hBFA2_dBFA2_h2_hBFA2-37C-R3-Time24_R1.fastq.gz,hBFA2_dBFA2_h2_hBFA2-37C-R3-Time24_R2.fastq.gz
hBFA2,hBFA2-37C-R3-Time32,hBFA2_dBFA2_h2_hBFA2-37C-R3-Time32_R1.fastq.gz,hBFA2_dBFA2_h2_hBFA2-37C-R3-Time32_R2.fastq.gz
hBFA2,hBFA2-37C-R3-Time40,hBFA2_dBFA2_h2_hBFA2-37C-R3-Time40_R1.fastq.gz,hBFA2_dBFA2_h2_hBFA2-37C-R3-Time40_R2.fastq.gz
hBFA2,hBFA2-37C-R3-Time8,hBFA2_dBFA2_h2_hBFA2-37C-R3-Time8_R1.fastq.gz,hBFA2_dBFA2_h2_hBFA2-37C-R3-Time8_R2.fastq.gz
hBFA2,hBFA2-37C_alpha-R1-Subpool,hBFA2-37C_alpha-R1-Subpool_S24_R1_001.fastq.gz,
hBFA2,hBFA2-48Hr-R1-Time16,hBFA2_dBFA2_h2_hBFA2-48Hr-R1-Time16_R1.fastq.gz,hBFA2_dBFA2_h2_hBFA2-48Hr-R1-Time16_R2.fastq.gz
hBFA2,hBFA2-48Hr-R1-Time24,hBFA2_dBFA2_h2_hBFA2-48Hr-R1-Time24_R1.fastq.gz,hBFA2_dBFA2_h2_hBFA2-48Hr-R1-Time24_R2.fastq.gz
hBFA2,hBFA2-48Hr-R1-Time40,hBFA2_dBFA2_h2_hBFA2-48Hr-R1-Time40_R1.fastq.gz,hBFA2_dBFA2_h2_hBFA2-48Hr-R1-Time40_R2.fastq.gz
hBFA2,hBFA2-48Hr-R2-Time16,hBFA2_dBFA2_h2_hBFA2-48Hr-R2-Time16_R1.fastq.gz,hBFA2_dBFA2_h2_hBFA2-48Hr-R2-Time16_R2.fastq.gz
hBFA2,hBFA2-48Hr-R2-Time32,hBFA2_dBFA2_h2_hBFA2-48Hr-R2-Time32_R1.fastq.gz,hBFA2_dBFA2_h2_hBFA2-48Hr-R2-Time32_R2.fastq.gz
hBFA2,hBFA2-48Hr-R2-Time40,hBFA2_dBFA2_h2_hBFA2-48Hr-R2-Time40_R1.fastq.gz,hBFA2_dBFA2_h2_hBFA2-48Hr-R2-Time40_R2.fastq.gz
hBFA2,hBFA2-All-R-0,hBFA2_s_hBFA2-All-R-0_R1.fastq.gz,hBFA2_s_hBFA2-All-R-0_R2.fastq.gz
hBFA2,hBFA2-CLM-R1-Time16,hBFA2_s_hBFA2-CLM-R1-Time16_R1.fastq.gz,hBFA2_s_hBFA2-CLM-R1-Time16_R2.fastq.gz
hBFA2,hBFA2-CLM-R1-Time24,hBFA2_s_hBFA2-CLM-R1-Time24_R1.fastq.gz,hBFA2_s_hBFA2-CLM-R1-Time24_R2.fastq.gz
hBFA2,hBFA2-CLM-R1-Time32,hBFA2_s_hBFA2-CLM-R1-Time32_R1.fastq.gz,hBFA2_s_hBFA2-CLM-R1-Time32_R2.fastq.gz
hBFA2,hBFA2-CLM-R1-Time40,hBFA2_s_hBFA2-CLM-R1-Time40_R1.fastq.gz,hBFA2_s_hBFA2-CLM-R1-Time40_R2.fastq.gz
hBFA2,hBFA2-CLM-R1-Time8,hBFA2_s_hBFA2-CLM-R1-Time8_R1.fastq.gz,hBFA2_s_hBFA2-CLM-R1-Time8_R2.fastq.gz
hBFA2,hBFA2-CLM-R2-Time16,hBFA2_s_hBFA2-CLM-R2-Time16_R1.fastq.gz,hBFA2_s_hBFA2-CLM-R2-Time16_R2.fastq.gz
hBFA2,hBFA2-CLM-R2-Time24,hBFA2_s_hBFA2-CLM-R2-Time24_R1.fastq.gz,hBFA2_s_hBFA2-CLM-R2-Time24_R2.fastq.gz
hBFA2,hBFA2-CLM-R2-Time32,hBFA2_s_hBFA2-CLM-R2-Time32_R1.fastq.gz,hBFA2_s_hBFA2-CLM-R2-Time32_R2.fastq.gz
hBFA2,hBFA2-CLM-R2-Time40,hBFA2_s_hBFA2-CLM-R2-Time40_R1.fastq.gz,hBFA2_s_hBFA2-CLM-R2-Time40_R2.fastq.gz
hBFA2,hBFA2-CLM-R2-Time8,hBFA2_s_hBFA2-CLM-R2-Time8_R1.fastq.gz,hBFA2_s_hBFA2-CLM-R2-Time8_R2.fastq.gz
hBFA2,hBFA2-CLM-R3-Time16,hBFA2_s_hBFA2-CLM-R3-Time16_R1.fastq.gz,hBFA2_s_hBFA2-CLM-R3-Time16_R2.fastq.gz
hBFA2,hBFA2-CLM-R3-Time24,hBFA2_s_hBFA2-CLM-R3-Time24_R1.fastq.gz,hBFA2_s_hBFA2-CLM-R3-Time24_R2.fastq.gz
hBFA2,hBFA2-CLM-R3-Time32,hBFA2_s_hBFA2-CLM-R3-Time32_R1.fastq.gz,hBFA2_s_hBFA2-CLM-R3-Time32_R2.fastq.gz
hBFA2,hBFA2-CLM-R3-Time40,hBFA2_s_hBFA2-CLM-R3-Time40_R1.fastq.gz,hBFA2_s_hBFA2-CLM-R3-Time40_R2.fastq.gz
hBFA2,hBFA2-CLM-R3-Time8,hBFA2_s_hBFA2-CLM-R3-Time8_R1.fastq.gz,hBFA2_s_hBFA2-CLM-R3-Time8_R2.fastq.gz
hBFA2,hBFA2-CLM_2N-R1-Subpool,hBFA2-CLM_2N-R1-Subpool_S40_R1_001.fastq.gz,
hBFA2,hBFA2-CLM_alpha-R1-Subpool,hBFA2-CLM_alpha-R1-Subpool_S26_R1_001.fastq.gz,
hBFA2,hBFA2-FLC4-R1-Time16,hBFA2_s_hBFA2-FLC4-R1-Time16_R1.fastq.gz,hBFA2_s_hBFA2-FLC4-R1-Time16_R2.fastq.gz
hBFA2,hBFA2-FLC4-R1-Time24,hBFA2_s_hBFA2-FLC4-R1-Time24_R1.fastq.gz,hBFA2_s_hBFA2-FLC4-R1-Time24_R2.fastq.gz
hBFA2,hBFA2-FLC4-R1-Time32,hBFA2_s_hBFA2-FLC4-R1-Time32_R1.fastq.gz,hBFA2_s_hBFA2-FLC4-R1-Time32_R2.fastq.gz
hBFA2,hBFA2-FLC4-R1-Time40,hBFA2_s_hBFA2-FLC4-R1-Time40_R1.fastq.gz,hBFA2_s_hBFA2-FLC4-R1-Time40_R2.fastq.gz
hBFA2,hBFA2-FLC4-R1-Time8,hBFA2_s_hBFA2-FLC4-R1-Time8_R1.fastq.gz,hBFA2_s_hBFA2-FLC4-R1-Time8_R2.fastq.gz
hBFA2,hBFA2-FLC4-R2-Time16,hBFA2_s_hBFA2-FLC4-R2-Time16_R1.fastq.gz,hBFA2_s_hBFA2-FLC4-R2-Time16_R2.fastq.gz
hBFA2,hBFA2-FLC4-R2-Time24,hBFA2_s_hBFA2-FLC4-R2-Time24_R1.fastq.gz,hBFA2_s_hBFA2-FLC4-R2-Time24_R2.fastq.gz
hBFA2,hBFA2-FLC4-R2-Time32,hBFA2_s_hBFA2-FLC4-R2-Time32_R1.fastq.gz,hBFA2_s_hBFA2-FLC4-R2-Time32_R2.fastq.gz
hBFA2,hBFA2-FLC4-R2-Time40,hBFA2_s_hBFA2-FLC4-R2-Time40_R1.fastq.gz,hBFA2_s_hBFA2-FLC4-R2-Time40_R2.fastq.gz
hBFA2,hBFA2-FLC4-R2-Time8,hBFA2_s_hBFA2-FLC4-R2-Time8_R1.fastq.gz,hBFA2_s_hBFA2-FLC4-R2-Time8_R2.fastq.gz
hBFA2,hBFA2-FLC4-R3-Time16,hBFA2_s_hBFA2-FLC4-R3-Time16_R1.fastq.gz,hBFA2_s_hBFA2-FLC4-R3-Time16_R2.fastq.gz
hBFA2,hBFA2-FLC4-R3-Time24,hBFA2_s_hBFA2-FLC4-R3-Time24_R1.fastq.gz,hBFA2_s_hBFA2-FLC4-R3-Time24_R2.fastq.gz
hBFA2,hBFA2-FLC4-R3-Time32,hBFA2_s_hBFA2-FLC4-R3-Time32_R1.fastq.gz,hBFA2_s_hBFA2-FLC4-R3-Time32_R2.fastq.gz
hBFA2,hBFA2-FLC4-R3-Time40,hBFA2_s_hBFA2-FLC4-R3-Time40_R1.fastq.gz,hBFA2_s_hBFA2-FLC4-R3-Time40_R2.fastq.gz
hBFA2,hBFA2-FLC4-R3-Time8,hBFA2_s_hBFA2-FLC4-R3-Time8_R1.fastq.gz,hBFA2_s_hBFA2-FLC4-R3-Time8_R2.fastq.gz
hBFA2,hBFA2-FLC4_2N-R1-Subpool,hBFA2-FLC4_2N-R1-Subpool_S27_R1_001.fastq.gz,
hBFA2,hBFA2-FLC4_alpha-R1-Subpool,hBFA2-FLC4_alpha-R1-Subpool_S30_R1_001.fastq.gz,
hBFA2,hBFA2-GlyEtOH-R1-Time16,hBFA2_s_hBFA2-GlyEtOH-R1-Time16_R1.fastq.gz,hBFA2_s_hBFA2-GlyEtOH-R1-Time16_R2.fastq.gz
hBFA2,hBFA2-GlyEtOH-R1-Time24,hBFA2_s_hBFA2-GlyEtOH-R1-Time24_R1.fastq.gz,hBFA2_s_hBFA2-GlyEtOH-R1-Time24_R2.fastq.gz
hBFA2,hBFA2-GlyEtOH-R1-Time32,hBFA2_s_hBFA2-GlyEtOH-R1-Time32_R1.fastq.gz,hBFA2_s_hBFA2-GlyEtOH-R1-Time32_R2.fastq.gz
hBFA2,hBFA2-GlyEtOH-R1-Time40,hBFA2_s_hBFA2-GlyEtOH-R1-Time40_R1.fastq.gz,hBFA2_s_hBFA2-GlyEtOH-R1-Time40_R2.fastq.gz
hBFA2,hBFA2-GlyEtOH-R1-Time8,hBFA2_s_hBFA2-GlyEtOH-R1-Time8_R1.fastq.gz,hBFA2_s_hBFA2-GlyEtOH-R1-Time8_R2.fastq.gz
hBFA2,hBFA2-GlyEtOH-R2-Time16,hBFA2_s_hBFA2-GlyEtOH-R2-Time16_R1.fastq.gz,hBFA2_s_hBFA2-GlyEtOH-R2-Time16_R2.fastq.gz
hBFA2,hBFA2-GlyEtOH-R2-Time24,hBFA2_s_hBFA2-GlyEtOH-R2-Time24_R1.fastq.gz,hBFA2_s_hBFA2-GlyEtOH-R2-Time24_R2.fastq.gz
hBFA2,hBFA2-GlyEtOH-R2-Time32,hBFA2_s_hBFA2-GlyEtOH-R2-Time32_R1.fastq.gz,hBFA2_s_hBFA2-GlyEtOH-R2-Time32_R2.fastq.gz
hBFA2,hBFA2-GlyEtOH-R2-Time40,hBFA2_s_hBFA2-GlyEtOH-R2-Time40_R1.fastq.gz,hBFA2_s_hBFA2-GlyEtOH-R2-Time40_R2.fastq.gz
hBFA2,hBFA2-GlyEtOH-R2-Time8,hBFA2_s_hBFA2-GlyEtOH-R2-Time8_R1.fastq.gz,hBFA2_s_hBFA2-GlyEtOH-R2-Time8_R2.fastq.gz
hBFA2,hBFA2-GlyEtOH-R3-Time16,hBFA2_s_hBFA2-GlyEtOH-R3-Time16_R1.fastq.gz,hBFA2_s_hBFA2-GlyEtOH-R3-Time16_R2.fastq.gz
hBFA2,hBFA2-GlyEtOH-R3-Time24,hBFA2_s_hBFA2-GlyEtOH-R3-Time24_R1.fastq.gz,hBFA2_s_hBFA2-GlyEtOH-R3-Time24_R2.fastq.gz
hBFA2,hBFA2-GlyEtOH-R3-Time32,hBFA2_s_hBFA2-GlyEtOH-R3-Time32_R1.fastq.gz,hBFA2_s_hBFA2-GlyEtOH-R3-Time32_R2.fastq.gz
hBFA2,hBFA2-GlyEtOH-R3-Time40,hBFA2_s_hBFA2-GlyEtOH-R3-Time40_R1.fastq.gz,hBFA2_s_hBFA2-GlyEtOH-R3-Time40_R2.fastq.gz
hBFA2,hBFA2-GlyEtOH-R3-Time8,hBFA2_s_hBFA2-GlyEtOH-R3-Time8_R1.fastq.gz,hBFA2_s_hBFA2-GlyEtOH-R3-Time8_R2.fastq.gz
hBFA2,hBFA2-GlyEtOH_2N-R1-Subpool,hBFA2-GlyEtOH_2N-R1-Subpool_S35_R1_001.fastq.gz,
hBFA2,hBFA2-GlyEtOH_alpha-R1-Subpool,hBFA2-GlyEtOH_alpha-R1-Subpool_S25_R1_001.fastq.gz,
hBFA2,hBFA2-SC-R1-Time16,hBFA2_h1_hBFA2-SC-R1-Time16_R1.fastq.gz,hBFA2_h1_hBFA2-SC-R1-Time16_R2.fastq.gz
hBFA2,hBFA2-SC-R1-Time24,hBFA2_h1_hBFA2-SC-R1-Time24_R1.fastq.gz,hBFA2_h1_hBFA2-SC-R1-Time24_R2.fastq.gz
hBFA2,hBFA2-SC-R1-Time32,hBFA2_dBFA2_h2_hBFA2-SC-R1-Time32_R1.fastq.gz,hBFA2_dBFA2_h2_hBFA2-SC-R1-Time32_R2.fastq.gz
hBFA2,hBFA2-SC-R1-Time40,hBFA2_h1_hBFA2-SC-R1-Time40_R1.fastq.gz,hBFA2_h1_hBFA2-SC-R1-Time40_R2.fastq.gz
hBFA2,hBFA2-SC-R1-Time8,hBFA2_dBFA2_h2_hBFA2-SC-R1-Time8_R1.fastq.gz,hBFA2_dBFA2_h2_hBFA2-SC-R1-Time8_R2.fastq.gz
hBFA2,hBFA2-SC-R2-Time16,hBFA2_dBFA2_h2_hBFA2-SC-R2-Time16_R1.fastq.gz,hBFA2_dBFA2_h2_hBFA2-SC-R2-Time16_R2.fastq.gz
hBFA2,hBFA2-SC-R2-Time24,hBFA2_dBFA2_h2_hBFA2-SC-R2-Time24_R1.fastq.gz,hBFA2_dBFA2_h2_hBFA2-SC-R2-Time24_R2.fastq.gz
hBFA2,hBFA2-SC-R2-Time32,hBFA2_dBFA2_h2_hBFA2-SC-R2-Time32_R1.fastq.gz,hBFA2_dBFA2_h2_hBFA2-SC-R2-Time32_R2.fastq.gz
hBFA2,hBFA2-SC-R2-Time40,hBFA2_dBFA2_h2_hBFA2-SC-R2-Time40_R1.fastq.gz,hBFA2_dBFA2_h2_hBFA2-SC-R2-Time40_R2.fastq.gz
hBFA2,hBFA2-SC-R2-Time8,hBFA2_dBFA2_h2_hBFA2-SC-R2-Time8_R1.fastq.gz,hBFA2_dBFA2_h2_hBFA2-SC-R2-Time8_R2.fastq.gz
hBFA2,hBFA2-SC-R3-Time16,hBFA2_dBFA2_h2_hBFA2-SC-R3-Time16_R1.fastq.gz,hBFA2_dBFA2_h2_hBFA2-SC-R3-Time16_R2.fastq.gz
hBFA2,hBFA2-SC-R3-Time24,hBFA2_dBFA2_h2_hBFA2-SC-R3-Time24_R1.fastq.gz,hBFA2_dBFA2_h2_hBFA2-SC-R3-Time24_R2.fastq.gz
hBFA2,hBFA2-SC-R3-Time32,hBFA2_dBFA2_h2_hBFA2-SC-R3-Time32_R1.fastq.gz,hBFA2_dBFA2_h2_hBFA2-SC-R3-Time32_R2.fastq.gz
hBFA2,hBFA2-SC-R3-Time40,hBFA2_dBFA2_h2_hBFA2-SC-R3-Time40_R1.fastq.gz,hBFA2_dBFA2_h2_hBFA2-SC-R3-Time40_R2.fastq.gz
hBFA2,hBFA2-SC-R3-Time8,hBFA2_dBFA2_h2_hBFA2-SC-R3-Time8_R1.fastq.gz,hBFA2_dBFA2_h2_hBFA2-SC-R3-Time8_R2.fastq.gz
hBFA2,hBFA2-SC_alpha-R1-Subpool,hBFA2-SC_alpha-R1-Subpool_S21_R1_001.fastq.gz,
hBFA2,hBFA2-YPD-R1-Time16,hBFA2_h1_hBFA2-YPD-R1-Time16_R1.fastq.gz,hBFA2_h1_hBFA2-YPD-R1-Time16_R2.fastq.gz
hBFA2,hBFA2-YPD-R1-Time24,hBFA2_h1_hBFA2-YPD-R1-Time24_R1.fastq.gz,hBFA2_h1_hBFA2-YPD-R1-Time24_R2.fastq.gz
hBFA2,hBFA2-YPD-R1-Time32,hBFA2_h1_hBFA2-YPD-R1-Time32_R1.fastq.gz,hBFA2_h1_hBFA2-YPD-R1-Time32_R2.fastq.gz
hBFA2,hBFA2-YPD-R1-Time40,hBFA2_h1_hBFA2-YPD-R1-Time40_R1.fastq.gz,hBFA2_h1_hBFA2-YPD-R1-Time40_R2.fastq.gz
hBFA2,hBFA2-YPD-R1-Time8,hBFA2_h1_hBFA2-YPD-R1-Time8_R1.fastq.gz,hBFA2_h1_hBFA2-YPD-R1-Time8_R2.fastq.gz
hBFA2,hBFA2-YPD-R2-Time16,hBFA2_h1_hBFA2-YPD-R2-Time16_R1.fastq.gz,hBFA2_h1_hBFA2-YPD-R2-Time16_R2.fastq.gz
hBFA2,hBFA2-YPD-R2-Time24,hBFA2_h1_hBFA2-YPD-R2-Time24_R1.fastq.gz,hBFA2_h1_hBFA2-YPD-R2-Time24_R2.fastq.gz
hBFA2,hBFA2-YPD-R2-Time32,hBFA2_h1_hBFA2-YPD-R2-Time32_R1.fastq.gz,hBFA2_h1_hBFA2-YPD-R2-Time32_R2.fastq.gz
hBFA2,hBFA2-YPD-R2-Time40,hBFA2_h1_hBFA2-YPD-R2-Time40_R1.fastq.gz,hBFA2_h1_hBFA2-YPD-R2-Time40_R2.fastq.gz
hBFA2,hBFA2-YPD-R2-Time8,hBFA2_h1_hBFA2-YPD-R2-Time8_R1.fastq.gz,hBFA2_h1_hBFA2-YPD-R2-Time8_R2.fastq.gz
hBFA2,hBFA2-YPD-R3-Time16,hBFA2_dBFA2_h2_hBFA2-YPD-R3-Time16_R1.fastq.gz,hBFA2_dBFA2_h2_hBFA2-YPD-R3-Time16_R2.fastq.gz
hBFA2,hBFA2-YPD-R3-Time24,hBFA2_dBFA2_h2_hBFA2-YPD-R3-Time24_R1.fastq.gz,hBFA2_dBFA2_h2_hBFA2-YPD-R3-Time24_R2.fastq.gz
hBFA2,hBFA2-YPD-R3-Time32,hBFA2_dBFA2_h2_hBFA2-YPD-R3-Time32_R1.fastq.gz,hBFA2_dBFA2_h2_hBFA2-YPD-R3-Time32_R2.fastq.gz
hBFA2,hBFA2-YPD-R3-Time40,hBFA2_dBFA2_h2_hBFA2-YPD-R3-Time40_R1.fastq.gz,hBFA2_dBFA2_h2_hBFA2-YPD-R3-Time40_R2.fastq.gz
hBFA2,hBFA2-YPD-R3-Time8,hBFA2_dBFA2_h2_hBFA2-YPD-R3-Time8_R1.fastq.gz,hBFA2_dBFA2_h2_hBFA2-YPD-R3-Time8_R2.fastq.gz
hBFA2,hBFA2-YPD_alpha-R1-Subpool,hBFA2-YPD_alpha-R1-Subpool_S20_R1_001.fastq.gz,
hBFA2,hBFA2-pH3_8-R1-Time16,hBFA2_dBFA2_h2_hBFA2-pH3_8-R1-Time16_R1.fastq.gz,hBFA2_dBFA2_h2_hBFA2-pH3_8-R1-Time16_R2.fastq.gz
hBFA2,hBFA2-pH3_8-R1-Time24,hBFA2_h1_hBFA2-pH3_8-R1-Time24_R1.fastq.gz,hBFA2_h1_hBFA2-pH3_8-R1-Time24_R2.fastq.gz
hBFA2,hBFA2-pH3_8-R1-Time32,hBFA2_dBFA2_h2_hBFA2-pH3_8-R1-Time32_R1.fastq.gz,hBFA2_dBFA2_h2_hBFA2-pH3_8-R1-Time32_R2.fastq.gz
hBFA2,hBFA2-pH3_8-R1-Time40,hBFA2_h1_hBFA2-pH3_8-R1-Time40_R1.fastq.gz,hBFA2_h1_hBFA2-pH3_8-R1-Time40_R2.fastq.gz
hBFA2,hBFA2-pH3_8-R1-Time8,hBFA2_h1_hBFA2-pH3_8-R1-Time8_R1.fastq.gz,hBFA2_h1_hBFA2-pH3_8-R1-Time8_R2.fastq.gz
hBFA2,hBFA2-pH3_8-R2-Time16,hBFA2_dBFA2_h2_hBFA2-pH3_8-R2-Time16_R1.fastq.gz,hBFA2_dBFA2_h2_hBFA2-pH3_8-R2-Time16_R2.fastq.gz
hBFA2,hBFA2-pH3_8-R2-Time24,hBFA2_dBFA2_h2_hBFA2-pH3_8-R2-Time24_R1.fastq.gz,hBFA2_dBFA2_h2_hBFA2-pH3_8-R2-Time24_R2.fastq.gz
hBFA2,hBFA2-pH3_8-R2-Time32,hBFA2_dBFA2_h2_hBFA2-pH3_8-R2-Time32_R1.fastq.gz,hBFA2_dBFA2_h2_hBFA2-pH3_8-R2-Time32_R2.fastq.gz
hBFA2,hBFA2-pH3_8-R2-Time40,hBFA2_dBFA2_h2_hBFA2-pH3_8-R2-Time40_R1.fastq.gz,hBFA2_dBFA2_h2_hBFA2-pH3_8-R2-Time40_R2.fastq.gz
hBFA2,hBFA2-pH3_8-R2-Time8,hBFA2_dBFA2_h2_hBFA2-pH3_8-R2-Time8_R1.fastq.gz,hBFA2_dBFA2_h2_hBFA2-pH3_8-R2-Time8_R2.fastq.gz
hBFA2,hBFA2-pH3_8-R3-Time16,hBFA2_dBFA2_h2_hBFA2-pH3_8-R3-Time16_R1.fastq.gz,hBFA2_dBFA2_h2_hBFA2-pH3_8-R3-Time16_R2.fastq.gz
hBFA2,hBFA2-pH3_8-R3-Time24,hBFA2_dBFA2_h2_hBFA2-pH3_8-R3-Time24_R1.fastq.gz,hBFA2_dBFA2_h2_hBFA2-pH3_8-R3-Time24_R2.fastq.gz
hBFA2,hBFA2-pH3_8-R3-Time32,hBFA2_dBFA2_h2_hBFA2-pH3_8-R3-Time32_R1.fastq.gz,hBFA2_dBFA2_h2_hBFA2-pH3_8-R3-Time32_R2.fastq.gz
hBFA2,hBFA2-pH3_8-R3-Time40,hBFA2_dBFA2_h2_hBFA2-pH3_8-R3-Time40_R1.fastq.gz,hBFA2_dBFA2_h2_hBFA2-pH3_8-R3-Time40_R2.fastq.gz
hBFA2,hBFA2-pH3_8-R3-Time8,hBFA2_dBFA2_h2_hBFA2-pH3_8-R3-Time8_R1.fastq.gz,hBFA2_dBFA2_h2_hBFA2-pH3_8-R3-Time8_R2.fastq.gz
hBFA2,hBFA2-pH3_8_alpha-R1-Subpool,hBFA2-pH3_8_alpha-R1-Subpool_S23_R1_001.fastq.gz,
hBFA2,hBFA2-pH7_3-R1-Time16,hBFA2_h1_hBFA2-pH7_3-R1-Time16_R1.fastq.gz,hBFA2_h1_hBFA2-pH7_3-R1-Time16_R2.fastq.gz
hBFA2,hBFA2-pH7_3-R1-Time24,hBFA2_h1_hBFA2-pH7_3-R1-Time24_R1.fastq.gz,hBFA2_h1_hBFA2-pH7_3-R1-Time24_R2.fastq.gz
hBFA2,hBFA2-pH7_3-R1-Time32,hBFA2_h1_hBFA2-pH7_3-R1-Time32_R1.fastq.gz,hBFA2_h1_hBFA2-pH7_3-R1-Time32_R2.fastq.gz
hBFA2,hBFA2-pH7_3-R1-Time40,hBFA2_h1_hBFA2-pH7_3-R1-Time40_R1.fastq.gz,hBFA2_h1_hBFA2-pH7_3-R1-Time40_R2.fastq.gz
hBFA2,hBFA2-pH7_3-R1-Time8,hBFA2_h1_hBFA2-pH7_3-R1-Time8_R1.fastq.gz,hBFA2_h1_hBFA2-pH7_3-R1-Time8_R2.fastq.gz
hBFA2,hBFA2-pH7_3-R2-Time16,hBFA2_h1_hBFA2-pH7_3-R2-Time16_R1.fastq.gz,hBFA2_h1_hBFA2-pH7_3-R2-Time16_R2.fastq.gz
hBFA2,hBFA2-pH7_3-R2-Time24,hBFA2_h1_hBFA2-pH7_3-R2-Time24_R1.fastq.gz,hBFA2_h1_hBFA2-pH7_3-R2-Time24_R2.fastq.gz
hBFA2,hBFA2-pH7_3-R2-Time32,hBFA2_h1_hBFA2-pH7_3-R2-Time32_R1.fastq.gz,hBFA2_h1_hBFA2-pH7_3-R2-Time32_R2.fastq.gz
hBFA2,hBFA2-pH7_3-R2-Time40,hBFA2_h1_hBFA2-pH7_3-R2-Time40_R1.fastq.gz,hBFA2_h1_hBFA2-pH7_3-R2-Time40_R2.fastq.gz
hBFA2,hBFA2-pH7_3-R2-Time8,hBFA2_h1_hBFA2-pH7_3-R2-Time8_R1.fastq.gz,hBFA2_h1_hBFA2-pH7_3-R2-Time8_R2.fastq.gz
hBFA2,hBFA2-pH7_3-R3-Time16,hBFA2_dBFA2_h2_hBFA2-pH7_3-R3-Time16_R1.fastq.gz,hBFA2_dBFA2_h2_hBFA2-pH7_3-R3-Time16_R2.fastq.gz
hBFA2,hBFA2-pH7_3-R3-Time24,hBFA2_dBFA2_h2_hBFA2-pH7_3-R3-Time24_R1.fastq.gz,hBFA2_dBFA2_h2_hBFA2-pH7_3-R3-Time24_R2.fastq.gz
hBFA2,hBFA2-pH7_3-R3-Time32,hBFA2_dBFA2_h2_hBFA2-pH7_3-R3-Time32_R1.fastq.gz,hBFA2_dBFA2_h2_hBFA2-pH7_3-R3-Time32_R2.fastq.gz
hBFA2,hBFA2-pH7_3-R3-Time40,hBFA2_dBFA2_h2_hBFA2-pH7_3-R3-Time40_R1.fastq.gz,hBFA2_dBFA2_h2_hBFA2-pH7_3-R3-Time40_R2.fastq.gz
hBFA2,hBFA2-pH7_3-R3-Time8,hBFA2_dBFA2_h2_hBFA2-pH7_3-R3-Time8_R1.fastq.gz,hBFA2_dBFA2_h2_hBFA2-pH7_3-R3-Time8_R2.fastq.gz
hBFA2,hBFA2-pH7_3_alpha-R1-Subpool,hBFA2-pH7_3_alpha-R1-Subpool_S22_R1_001.fastq.gz,
hBFA1,hBFA1-21C-R1-Time16,hBFA1_h1_hBFA1-21C-R1-Time16_R1.fastq.gz,hBFA1_h1_hBFA1-21C-R1-Time16_R2.fastq.gz
hBFA1,hBFA1-21C-R1-Time24,hBFA1_h1_hBFA1-21C-R1-Time24_R1.fastq.gz,hBFA1_h1_hBFA1-21C-R1-Time24_R2.fastq.gz
hBFA1,hBFA1-21C-R1-Time40,hBFA1_h1_hBFA1-21C-R1-Time40_R1.fastq.gz,hBFA1_h1_hBFA1-21C-R1-Time40_R2.fastq.gz
hBFA1,hBFA1-21C-R1-Time8,hBFA1_h1_hBFA1-21C-R1-Time8_R1.fastq.gz,hBFA1_h1_hBFA1-21C-R1-Time8_R2.fastq.gz
hBFA1,hBFA1-21C-R2-Time16,hBFA1_h1_hBFA1-21C-R2-Time16_R1.fastq.gz,hBFA1_h1_hBFA1-21C-R2-Time16_R2.fastq.gz
hBFA1,hBFA1-21C-R2-Time24,hBFA1_h1_hBFA1-21C-R2-Time24_R1.fastq.gz,hBFA1_h1_hBFA1-21C-R2-Time24_R2.fastq.gz
hBFA1,hBFA1-21C-R2-Time40,hBFA1_h1_hBFA1-21C-R2-Time40_R1.fastq.gz,hBFA1_h1_hBFA1-21C-R2-Time40_R2.fastq.gz
hBFA1,hBFA1-21C-R2-Time8,hBFA1_h1_hBFA1-21C-R2-Time8_R1.fastq.gz,hBFA1_h1_hBFA1-21C-R2-Time8_R2.fastq.gz
hBFA1,hBFA1-21C_alpha-R1-Subpool,hBFA1-21C_alpha-R1-Subpool_S18_R1_001.fastq.gz,
hBFA1,hBFA1-21C_alpha-R2-Subpool,hBFA1-21C_alpha-R2-Subpool_S19_R1_001.fastq.gz,
hBFA1,hBFA1-37C-R1-Time16,hBFA1_h1_hBFA1-37C-R1-Time16_R1.fastq.gz,hBFA1_h1_hBFA1-37C-R1-Time16_R2.fastq.gz
hBFA1,hBFA1-37C-R1-Time24,hBFA1_h1_hBFA1-37C-R1-Time24_R1.fastq.gz,hBFA1_h1_hBFA1-37C-R1-Time24_R2.fastq.gz
hBFA1,hBFA1-37C-R1-Time40,hBFA1_h1_hBFA1-37C-R1-Time40_R1.fastq.gz,hBFA1_h1_hBFA1-37C-R1-Time40_R2.fastq.gz
hBFA1,hBFA1-37C-R1-Time8,hBFA1_h1_hBFA1-37C-R1-Time8_R1.fastq.gz,hBFA1_h1_hBFA1-37C-R1-Time8_R2.fastq.gz
hBFA1,hBFA1-37C-R2-Time16,hBFA1_h1_hBFA1-37C-R2-Time16_R1.fastq.gz,hBFA1_h1_hBFA1-37C-R2-Time16_R2.fastq.gz
hBFA1,hBFA1-37C-R2-Time24,hBFA1_h1_hBFA1-37C-R2-Time24_R1.fastq.gz,hBFA1_h1_hBFA1-37C-R2-Time24_R2.fastq.gz
hBFA1,hBFA1-37C-R2-Time40,hBFA1_h1_hBFA1-37C-R2-Time40_R1.fastq.gz,hBFA1_h1_hBFA1-37C-R2-Time40_R2.fastq.gz
hBFA1,hBFA1-37C-R2-Time8,hBFA1_h1_hBFA1-37C-R2-Time8_R1.fastq.gz,hBFA1_h1_hBFA1-37C-R2-Time8_R2.fastq.gz
hBFA1,hBFA1-37C_alpha-R1-Subpool,hBFA1-37C_alpha-R1-Subpool_S8_R1_001.fastq.gz,
hBFA1,hBFA1-37C_alpha-R2-Subpool,hBFA1-37C_alpha-R2-Subpool_S9_R1_001.fastq.gz,
hBFA1,hBFA1-48Hr-R1-Time16,hBFA1_h2_hBFA1-48Hr-R1-Time16_R1.fastq.gz,hBFA1_h2_hBFA1-48Hr-R1-Time16_R2.fastq.gz
hBFA1,hBFA1-48Hr-R1-Time24,hBFA1_h2_hBFA1-48Hr-R1-Time24_R1.fastq.gz,hBFA1_h2_hBFA1-48Hr-R1-Time24_R2.fastq.gz
hBFA1,hBFA1-48Hr-R1-Time40,hBFA1_h2_hBFA1-48Hr-R1-Time40_R1.fastq.gz,hBFA1_h2_hBFA1-48Hr-R1-Time40_R2.fastq.gz
hBFA1,hBFA1-48Hr-R1-Time8,hBFA1_h2_hBFA1-48Hr-R1-Time8_R1.fastq.gz,hBFA1_h2_hBFA1-48Hr-R1-Time8_R2.fastq.gz
hBFA1,hBFA1-48Hr-R2-Time16,hBFA1_h2_hBFA1-48Hr-R2-Time16_R1.fastq.gz,hBFA1_h2_hBFA1-48Hr-R2-Time16_R2.fastq.gz
hBFA1,hBFA1-48Hr-R2-Time24,hBFA1_h2_hBFA1-48Hr-R2-Time24_R1.fastq.gz,hBFA1_h2_hBFA1-48Hr-R2-Time24_R2.fastq.gz
hBFA1,hBFA1-48Hr-R2-Time40,hBFA1_h2_hBFA1-48Hr-R2-Time40_R1.fastq.gz,hBFA1_h2_hBFA1-48Hr-R2-Time40_R2.fastq.gz
hBFA1,hBFA1-48Hr-R2-Time8,hBFA1_h2_hBFA1-48Hr-R2-Time8_R1.fastq.gz,hBFA1_h2_hBFA1-48Hr-R2-Time8_R2.fastq.gz
hBFA1,hBFA1-CLM_alpha-R1-Subpool,hBFA1-CLM_alpha-R1-Subpool_S16_R1_001.fastq.gz,
hBFA1,hBFA1-CLM_alpha-R2-Subpool,hBFA1-CLM_alpha-R2-Subpool_S17_R1_001.fastq.gz,
hBFA1,hBFA1-FLC4-R2-Time16,hBFA1_h2_hBFA1-FLC4-R2-Time16_R1.fastq.gz,hBFA1_h2_hBFA1-FLC4-R2-Time16_R2.fastq.gz
hBFA1,hBFA1-FLC4-R2-Time24,hBFA1_h2_hBFA1-FLC4-R2-Time24_R1.fastq.gz,hBFA1_h2_hBFA1-FLC4-R2-Time24_R2.fastq.gz
hBFA1,hBFA1-FLC4-R2-Time40,hBFA1_h2_hBFA1-FLC4-R2-Time40_R1.fastq.gz,hBFA1_h2_hBFA1-FLC4-R2-Time40_R2.fastq.gz
hBFA1,hBFA1-FLC4-R2-Time8,hBFA1_h2_hBFA1-FLC4-R2-Time8_R1.fastq.gz,hBFA1_h2_hBFA1-FLC4-R2-Time8_R2.fastq.gz
hBFA1,hBFA1-FLC4_alpha-R1-Subpool,hBFA1-FLC4_alpha-R1-Subpool_S14_R1_001.fastq.gz,
hBFA1,hBFA1-FLC4_alpha-R2-Subpool,hBFA1-FLC4_alpha-R2-Subpool_S15_R1_001.fastq.gz,
hBFA1,hBFA1-GlyEtOH-R1-Time16,hBFA1_h2_hBFA1-GlyEtOH-R1-Time16_R1.fastq.gz,hBFA1_h2_hBFA1-GlyEtOH-R1-Time16_R2.fastq.gz
hBFA1,hBFA1-GlyEtOH-R1-Time24,hBFA1_h2_hBFA1-GlyEtOH-R1-Time24_R1.fastq.gz,hBFA1_h2_hBFA1-GlyEtOH-R1-Time24_R2.fastq.gz
hBFA1,hBFA1-GlyEtOH-R1-Time40,hBFA1_h2_hBFA1-GlyEtOH-R1-Time40_R1.fastq.gz,hBFA1_h2_hBFA1-GlyEtOH-R1-Time40_R2.fastq.gz
hBFA1,hBFA1-GlyEtOH-R1-Time8,hBFA1_h2_hBFA1-GlyEtOH-R1-Time8_R1.fastq.gz,hBFA1_h2_hBFA1-GlyEtOH-R1-Time8_R2.fastq.gz
hBFA1,hBFA1-GlyEtOH-R2-Time16,hBFA1_h2_hBFA1-GlyEtOH-R2-Time16_R1.fastq.gz,hBFA1_h2_hBFA1-GlyEtOH-R2-Time16_R2.fastq.gz
hBFA1,hBFA1-GlyEtOH-R2-Time24,hBFA1_h2_hBFA1-GlyEtOH-R2-Time24_R1.fastq.gz,hBFA1_h2_hBFA1-GlyEtOH-R2-Time24_R2.fastq.gz
hBFA1,hBFA1-GlyEtOH-R2-Time40,hBFA1_h2_hBFA1-GlyEtOH-R2-Time40_R1.fastq.gz,hBFA1_h2_hBFA1-GlyEtOH-R2-Time40_R2.fastq.gz
hBFA1,hBFA1-GlyEtOH-R2-Time8,hBFA1_h2_hBFA1-GlyEtOH-R2-Time8_R1.fastq.gz,hBFA1_h2_hBFA1-GlyEtOH-R2-Time8_R2.fastq.gz
hBFA1,hBFA1-GlyEtOH_alpha-R1-Subpool,hBFA1-GlyEtOH_alpha-R1-Subpool_S36_R1_001.fastq.gz,
hBFA1,hBFA1-GlyEtOH_alpha-R1-autodiploids,hBFA1-GlyEtOH_alpha-R1-autodiploids_S38_R1_001.fastq.gz,
hBFA1,hBFA1-GlyEtOH_alpha-R2-Subpool,hBFA1-GlyEtOH_alpha-R2-Subpool_S37_R1_001.fastq.gz,
hBFA1,hBFA1-GlyEtOH_alpha-R2-autodiploids,hBFA1-GlyEtOH_alpha-R2-autodiploids_S39_R1_001.fastq.gz,
hBFA1,hBFA1-POOL,hBFA1_h1_hBFA1-POOL_R1.fastq.gz,hBFA1_h1_hBFA1-POOL_R2.fastq.gz
hBFA1,hBFA1-SC-R1-Time16,hBFA1_h1_hBFA1-SC-R1-Time16_R1.fastq.gz,hBFA1_h1_hBFA1-SC-R1-Time16_R2.fastq.gz
hBFA1,hBFA1-SC-R1-Time24,hBFA1_h1_hBFA1-SC-R1-Time24_R1.fastq.gz,hBFA1_h1_hBFA1-SC-R1-Time24_R2.fastq.gz
hBFA1,hBFA1-SC-R1-Time40,hBFA1_h1_hBFA1-SC-R1-Time40_R1.fastq.gz,hBFA1_h1_hBFA1-SC-R1-Time40_R2.fastq.gz
hBFA1,hBFA1-SC-R1-Time8,hBFA1_h1_hBFA1-SC-R1-Time8_R1.fastq.gz,hBFA1_h1_hBFA1-SC-R1-Time8_R2.fastq.gz
hBFA1,hBFA1-SC-R2-Time16,hBFA1_h1_hBFA1-SC-R2-Time16_R1.fastq.gz,hBFA1_h1_hBFA1-SC-R2-Time16_R2.fastq.gz
hBFA1,hBFA1-SC-R2-Time24,hBFA1_h1_hBFA1-SC-R2-Time24_R1.fastq.gz,hBFA1_h1_hBFA1-SC-R2-Time24_R2.fastq.gz
hBFA1,hBFA1-SC-R2-Time40,hBFA1_h1_hBFA1-SC-R2-Time40_R1.fastq.gz,hBFA1_h1_hBFA1-SC-R2-Time40_R2.fastq.gz
hBFA1,hBFA1-SC-R2-Time8,hBFA1_h1_hBFA1-SC-R2-Time8_R1.fastq.gz,hBFA1_h1_hBFA1-SC-R2-Time8_R2.fastq.gz
hBFA1,hBFA1-SC_alpha-R1-Subpool,hBFA1-SC_alpha-R1-Subpool_S6_R1_001.fastq.gz,
hBFA1,hBFA1-SC_alpha-R2-Subpool,hBFA1-SC_alpha-R2-Subpool_S7_R1_001.fastq.gz,
hBFA1,hBFA1-YPD-R1-Time16,hBFA1_h1_hBFA1-YPD-R1-Time16_R1.fastq.gz,hBFA1_h1_hBFA1-YPD-R1-Time16_R2.fastq.gz
hBFA1,hBFA1-YPD-R1-Time24,hBFA1_h1_hBFA1-YPD-R1-Time24_R1.fastq.gz,hBFA1_h1_hBFA1-YPD-R1-Time24_R2.fastq.gz
hBFA1,hBFA1-YPD-R1-Time40,hBFA1_h1_hBFA1-YPD-R1-Time40_R1.fastq.gz,hBFA1_h1_hBFA1-YPD-R1-Time40_R2.fastq.gz
hBFA1,hBFA1-YPD-R1-Time8,hBFA1_h1_hBFA1-YPD-R1-Time8_R1.fastq.gz,hBFA1_h1_hBFA1-YPD-R1-Time8_R2.fastq.gz
hBFA1,hBFA1-YPD-R2-Time16,hBFA1_h1_hBFA1-YPD-R2-Time16_R1.fastq.gz,hBFA1_h1_hBFA1-YPD-R2-Time16_R2.fastq.gz
hBFA1,hBFA1-YPD-R2-Time24,hBFA1_h1_hBFA1-YPD-R2-Time24_R1.fastq.gz,hBFA1_h1_hBFA1-YPD-R2-Time24_R2.fastq.gz
hBFA1,hBFA1-YPD-R2-Time40,hBFA1_h1_hBFA1-YPD-R2-Time40_R1.fastq.gz,hBFA1_h1_hBFA1-YPD-R2-Time40_R2.fastq.gz
hBFA1,hBFA1-YPD-R2-Time8,hBFA1_h1_hBFA1-YPD-R2-Time8_R1.fastq.gz,hBFA1_h1_hBFA1-YPD-R2-Time8_R2.fastq.gz
hBFA1,hBFA1-YPD_alpha-R1-Subpool,hBFA1-YPD_alpha-R1-Subpool_S4_R1_001.fastq.gz,
hBFA1,hBFA1-YPD_alpha-R2-Subpool,hBFA1-YPD_alpha-R2-Subpool_S5_R1_001.fastq.gz,
hBFA1,hBFA1-pH3_8-R1-Time16,hBFA1_h1_hBFA1-pH3_8-R1-Time16_R1.fastq.gz,hBFA1_h1_hBFA1-pH3_8-R1-Time16_R2.fastq.gz
hBFA1,hBFA1-pH3_8-R1-Time24,hBFA1_h1_hBFA1-pH3_8-R1-Time24_R1.fastq.gz,hBFA1_h1_hBFA1-pH3_8-R1-Time24_R2.fastq.gz
hBFA1,hBFA1-pH3_8-R1-Time40,hBFA1_h1_hBFA1-pH3_8-R1-Time40_R1.fastq.gz,hBFA1_h1_hBFA1-pH3_8-R1-Time40_R2.fastq.gz
hBFA1,hBFA1-pH3_8-R1-Time8,hBFA1_h1_hBFA1-pH3_8-R1-Time8_R1.fastq.gz,hBFA1_h1_hBFA1-pH3_8-R1-Time8_R2.fastq.gz
hBFA1,hBFA1-pH3_8-R2-Time16,hBFA1_h1_hBFA1-pH3_8-R2-Time16_R1.fastq.gz,hBFA1_h1_hBFA1-pH3_8-R2-Time16_R2.fastq.gz
hBFA1,hBFA1-pH3_8-R2-Time24,hBFA1_h1_hBFA1-pH3_8-R2-Time24_R1.fastq.gz,hBFA1_h1_hBFA1-pH3_8-R2-Time24_R2.fastq.gz
hBFA1,hBFA1-pH3_8-R2-Time40,hBFA1_h1_hBFA1-pH3_8-R2-Time40_R1.fastq.gz,hBFA1_h1_hBFA1-pH3_8-R2-Time40_R2.fastq.gz
hBFA1,hBFA1-pH3_8-R2-Time8,hBFA1_h1_hBFA1-pH3_8-R2-Time8_R1.fastq.gz,hBFA1_h1_hBFA1-pH3_8-R2-Time8_R2.fastq.gz
hBFA1,hBFA1-pH3_8_alpha-R1-Subpool,hBFA1-pH3_8_alpha-R1-Subpool_S10_R1_001.fastq.gz,
hBFA1,hBFA1-pH3_8_alpha-R2-Subpool,hBFA1-pH3_8_alpha-R2-Subpool_S11_R1_001.fastq.gz,
hBFA1,hBFA1-pH7_3-R1-Time16,hBFA1_h1_hBFA1-pH7_3-R1-Time16_R1.fastq.gz,hBFA1_h1_hBFA1-pH7_3-R1-Time16_R2.fastq.gz
hBFA1,hBFA1-pH7_3-R1-Time24,hBFA1_h1_hBFA1-pH7_3-R1-Time24_R1.fastq.gz,hBFA1_h1_hBFA1-pH7_3-R1-Time24_R2.fastq.gz
hBFA1,hBFA1-pH7_3-R1-Time40,hBFA1_h1_hBFA1-pH7_3-R1-Time40_R1.fastq.gz,hBFA1_h1_hBFA1-pH7_3-R1-Time40_R2.fastq.gz
hBFA1,hBFA1-pH7_3-R1-Time8,hBFA1_h1_hBFA1-pH7_3-R1-Time8_R1.fastq.gz,hBFA1_h1_hBFA1-pH7_3-R1-Time8_R2.fastq.gz
hBFA1,hBFA1-pH7_3-R2-Time16,hBFA1_h1_hBFA1-pH7_3-R2-Time16_R1.fastq.gz,hBFA1_h1_hBFA1-pH7_3-R2-Time16_R2.fastq.gz
hBFA1,hBFA1-pH7_3-R2-Time24,hBFA1_h1_hBFA1-pH7_3-R2-Time24_R1.fastq.gz,hBFA1_h1_hBFA1-pH7_3-R2-Time24_R2.fastq.gz
hBFA1,hBFA1-pH7_3-R2-Time40,hBFA1_h1_hBFA1-pH7_3-R2-Time40_R1.fastq.gz,hBFA1_h1_hBFA1-pH7_3-R2-Time40_R2.fastq.gz
hBFA1,hBFA1-pH7_3-R2-Time8,hBFA1_h1_hBFA1-pH7_3-R2-Time8_R1.fastq.gz,hBFA1_h1_hBFA1-pH7_3-R2-Time8_R2.fastq.gz
hBFA1,hBFA1-pH7_3_alpha-R1-Subpool,hBFA1-pH7_3_alpha-R1-Subpool_S12_R1_001.fastq.gz,
hBFA1,hBFA1-pH7_3_alpha-R2-Subpool,hBFA1-pH7_3_alpha-R2-Subpool_S13_R1_001.fastq.gz,
LT_02M_NaCl_2N-R1,02M_NaCl_2N-R1-Time0,Stanford_high_LT_02M_NaCl_2N-R1-Time0_R1.fastq.gz,Stanford_high_LT_02M_NaCl_2N-R1-Time0_R2.fastq.gz
LT_02M_NaCl_2N-R1,02M_NaCl_2N-R1-Time104,Stanford_high_LT_02M_NaCl_2N-R1-Time104_R1.fastq.gz,Stanford_high_LT_02M_NaCl_2N-R1-Time104_R2.fastq.gz
LT_02M_NaCl_2N-R1,02M_NaCl_2N-R1-Time112,Stanford_high_LT_02M_NaCl_2N-R1-Time112_R1.fastq.gz,Stanford_high_LT_02M_NaCl_2N-R1-Time112_R2.fastq.gz
LT_02M_NaCl_2N-R1,02M_NaCl_2N-R1-Time128,Stanford_high_LT_02M_NaCl_2N-R1-Time128_R1.fastq.gz,Stanford_high_LT_02M_NaCl_2N-R1-Time128_R2.fastq.gz
LT_02M_NaCl_2N-R1,02M_NaCl_2N-R1-Time144,Stanford_high_LT_02M_NaCl_2N-R1-Time144_R1.fastq.gz,Stanford_high_LT_02M_NaCl_2N-R1-Time144_R2.fastq.gz
LT_02M_NaCl_2N-R1,02M_NaCl_2N-R1-Time160,Stanford_high_LT_02M_NaCl_2N-R1-Time160_R1.fastq.gz,Stanford_high_LT_02M_NaCl_2N-R1-Time160_R2.fastq.gz
LT_02M_NaCl_2N-R1,02M_NaCl_2N-R1-Time176,Stanford_high_LT_02M_NaCl_2N-R1-Time176_R1.fastq.gz,Stanford_high_LT_02M_NaCl_2N-R1-Time176_R2.fastq.gz
LT_02M_NaCl_2N-R1,02M_NaCl_2N-R1-Time192,Stanford_high_LT_02M_NaCl_2N-R1-Time192_R1.fastq.gz,Stanford_high_LT_02M_NaCl_2N-R1-Time192_R2.fastq.gz
LT_02M_NaCl_2N-R1,02M_NaCl_2N-R1-Time216,Stanford_high_LT_02M_NaCl_2N-R1-Time216_R1.fastq.gz,Stanford_high_LT_02M_NaCl_2N-R1-Time216_R2.fastq.gz
LT_02M_NaCl_2N-R1,02M_NaCl_2N-R1-Time240,Stanford_restart_LT_02M_NaCl_2N-R1-Time240_R1.fastq.gz;Stanford_high_LT_02M_NaCl_2N-R1-Time240_R1.fastq.gz,Stanford_restart_LT_02M_NaCl_2N-R1-Time240_R2.fastq.gz;Stanford_high_LT_02M_NaCl_2N-R1-Time240_R2.fastq.gz
LT_02M_NaCl_2N-R1,02M_NaCl_2N-R1-Time256,Stanford_restart_LT_02M_NaCl_2N-R1-Time256_R1.fastq.gz,Stanford_restart_LT_02M_NaCl_2N-R1-Time256_R2.fastq.gz
LT_02M_NaCl_2N-R1,02M_NaCl_2N-R1-Time272,Stanford_restart_LT_02M_NaCl_2N-R1-Time272_R1.fastq.gz,Stanford_restart_LT_02M_NaCl_2N-R1-Time272_R2.fastq.gz
LT_02M_NaCl_2N-R1,02M_NaCl_2N-R1-Time288,Stanford_restart_LT_02M_NaCl_2N-R1-Time288_R1.fastq.gz,Stanford_restart_LT_02M_NaCl_2N-R1-Time288_R2.fastq.gz
LT_02M_NaCl_2N-R1,02M_NaCl_2N-R1-Time304,Stanford_restart_LT_02M_NaCl_2N-R1-Time304_R1.fastq.gz,Stanford_restart_LT_02M_NaCl_2N-R1-Time304_R2.fastq.gz
LT_02M_NaCl_2N-R1,02M_NaCl_2N-R1-Time320,Stanford_restart_LT_02M_NaCl_2N-R1-Time320_R1.fastq.gz,Stanford_restart_LT_02M_NaCl_2N-R1-Time320_R2.fastq.gz
LT_02M_NaCl_2N-R1,02M_NaCl_2N-R1-Time336,Stanford_restart_LT_02M_NaCl_2N-R1-Time336_R1.fastq.gz,Stanford_restart_LT_02M_NaCl_2N-R1-Time336_R2.fastq.gz
LT_02M_NaCl_2N-R1,02M_NaCl_2N-R1-Time352,Stanford_restart_LT_02M_NaCl_2N-R1-Time352_R1.fastq.gz,Stanford_restart_LT_02M_NaCl_2N-R1-Time352_R2.fastq.gz
LT_02M_NaCl_2N-R1,02M_NaCl_2N-R1-Time368,Stanford_restart_LT_02M_NaCl_2N-R1-Time368_R1.fastq.gz,Stanford_restart_LT_02M_NaCl_2N-R1-Time368_R2.fastq.gz
LT_02M_NaCl_2N-R1,02M_NaCl_2N-R1-Time384,Stanford_restart_LT_02M_NaCl_2N-R1-Time384_R1.fastq.gz,Stanford_restart_LT_02M_NaCl_2N-R1-Time384_R2.fastq.gz
LT_02M_NaCl_2N-R1,02M_NaCl_2N-R1-Time400,Stanford_restart_LT_02M_NaCl_2N-R1-Time400_R1.fastq.gz,Stanford_restart_LT_02M_NaCl_2N-R1-Time400_R2.fastq.gz
LT_02M_NaCl_2N-R1,02M_NaCl_2N-R1-Time416,Stanford_restart_LT_02M_NaCl_2N-R1-Time416_R1.fastq.gz,Stanford_restart_LT_02M_NaCl_2N-R1-Time416_R2.fastq.gz
LT_02M_NaCl_2N-R1,02M_NaCl_2N-R1-Time440,Stanford_restart_LT_02M_NaCl_2N-R1-Time440_R1.fastq.gz,Stanford_restart_LT_02M_NaCl_2N-R1-Time440_R2.fastq.gz
LT_02M_NaCl_2N-R1,02M_NaCl_2N-R1-Time64,Stanford_high_LT_02M_NaCl_2N-R1-Time64_R1.fastq.gz,Stanford_high_LT_02M_NaCl_2N-R1-Time64_R2.fastq.gz
LT_02M_NaCl_2N-R1,02M_NaCl_2N-R1-Time72,Stanford_high_LT_02M_NaCl_2N-R1-Time72_R1.fastq.gz,Stanford_high_LT_02M_NaCl_2N-R1-Time72_R2.fastq.gz
LT_02M_NaCl_2N-R1,02M_NaCl_2N-R1-Time8,Stanford_high_LT_02M_NaCl_2N-R1-Time8_R1.fastq.gz,Stanford_high_LT_02M_NaCl_2N-R1-Time8_R2.fastq.gz
LT_02M_NaCl_2N-R1,02M_NaCl_2N-R1-Time80,Stanford_high_LT_02M_NaCl_2N-R1-Time80_R1.fastq.gz,Stanford_high_LT_02M_NaCl_2N-R1-Time80_R2.fastq.gz
LT_02M_NaCl_2N-R1,02M_NaCl_2N-R1-Time88,Stanford_high_LT_02M_NaCl_2N-R1-Time88_R1.fastq.gz,Stanford_high_LT_02M_NaCl_2N-R1-Time88_R2.fastq.gz
LT_02M_NaCl_2N-R1,02M_NaCl_2N-R1-Time96,Stanford_high_LT_02M_NaCl_2N-R1-Time96_R1.fastq.gz,Stanford_high_LT_02M_NaCl_2N-R1-Time96_R2.fastq.gz
LT_02M_NaCl_alpha-R1,02M_NaCl_alpha-R1-Time0,Stanford_hap_LT_02M_NaCl_alpha-R1-Time0_R1.fastq.gz,Stanford_hap_LT_02M_NaCl_alpha-R1-Time0_R2.fastq.gz
LT_02M_NaCl_alpha-R1,02M_NaCl_alpha-R1-Time104,Stanford_hap_LT_02M_NaCl_alpha-R1-Time104_R1.fastq.gz,Stanford_hap_LT_02M_NaCl_alpha-R1-Time104_R2.fastq.gz
LT_02M_NaCl_alpha-R1,02M_NaCl_alpha-R1-Time120,Stanford_hap_LT_02M_NaCl_alpha-R1-Time120_R1.fastq.gz,Stanford_hap_LT_02M_NaCl_alpha-R1-Time120_R2.fastq.gz
LT_02M_NaCl_alpha-R1,02M_NaCl_alpha-R1-Time136,Stanford_hap_LT_02M_NaCl_alpha-R1-Time136_R1.fastq.gz,Stanford_hap_LT_02M_NaCl_alpha-R1-Time136_R2.fastq.gz
LT_02M_NaCl_alpha-R1,02M_NaCl_alpha-R1-Time160,Stanford_hap_LT_02M_NaCl_alpha-R1-Time160_R1.fastq.gz,Stanford_hap_LT_02M_NaCl_alpha-R1-Time160_R2.fastq.gz
LT_02M_NaCl_alpha-R1,02M_NaCl_alpha-R1-Time192,Stanford_hap_LT_02M_NaCl_alpha-R1-Time192_R1.fastq.gz,Stanford_hap_LT_02M_NaCl_alpha-R1-Time192_R2.fastq.gz
LT_02M_NaCl_alpha-R1,02M_NaCl_alpha-R1-Time240,Stanford_hap_LT_02M_NaCl_alpha-R1-Time240_R1.fastq.gz,Stanford_hap_LT_02M_NaCl_alpha-R1-Time240_R2.fastq.gz
LT_02M_NaCl_alpha-R1,02M_NaCl_alpha-R1-Time72,Stanford_hap_LT_02M_NaCl_alpha-R1-Time72_R1.fastq.gz,Stanford_hap_LT_02M_NaCl_alpha-R1-Time72_R2.fastq.gz
LT_02M_NaCl_alpha-R1,02M_NaCl_alpha-R1-Time8,Stanford_hap_LT_02M_NaCl_alpha-R1-Time8_R1.fastq.gz,Stanford_hap_LT_02M_NaCl_alpha-R1-Time8_R2.fastq.gz
LT_02M_NaCl_alpha-R1,02M_NaCl_alpha-R1-Time88,Stanford_hap_LT_02M_NaCl_alpha-R1-Time88_R1.fastq.gz,Stanford_hap_LT_02M_NaCl_alpha-R1-Time88_R2.fastq.gz
LT_08M_NaCl_2N-R1,08M_NaCl_2N-R1-Time0,Stanford_mid_LT_08M_NaCl_2N-R1-Time0_R1.fastq.gz,Stanford_mid_LT_08M_NaCl_2N-R1-Time0_R2.fastq.gz
LT_08M_NaCl_2N-R1,08M_NaCl_2N-R1-Time16,Stanford_mid_LT_08M_NaCl_2N-R1-Time16_R1.fastq.gz,Stanford_mid_LT_08M_NaCl_2N-R1-Time16_R2.fastq.gz
LT_08M_NaCl_2N-R1,08M_NaCl_2N-R1-Time24,Stanford_mid_LT_08M_NaCl_2N-R1-Time24_R1.fastq.gz,Stanford_mid_LT_08M_NaCl_2N-R1-Time24_R2.fastq.gz
LT_08M_NaCl_2N-R1,08M_NaCl_2N-R1-Time32,Stanford_mid_LT_08M_NaCl_2N-R1-Time32_R1.fastq.gz,Stanford_mid_LT_08M_NaCl_2N-R1-Time32_R2.fastq.gz
LT_08M_NaCl_2N-R1,08M_NaCl_2N-R1-Time40,Stanford_mid_LT_08M_NaCl_2N-R1-Time40_R1.fastq.gz,Stanford_mid_LT_08M_NaCl_2N-R1-Time40_R2.fastq.gz
LT_08M_NaCl_2N-R1,08M_NaCl_2N-R1-Time48,Stanford_mid_LT_08M_NaCl_2N-R1-Time48_R1.fastq.gz,Stanford_mid_LT_08M_NaCl_2N-R1-Time48_R2.fastq.gz
LT_08M_NaCl_2N-R1,08M_NaCl_2N-R1-Time56,Stanford_mid_LT_08M_NaCl_2N-R1-Time56_R1.fastq.gz,Stanford_mid_LT_08M_NaCl_2N-R1-Time56_R2.fastq.gz
LT_08M_NaCl_2N-R1,08M_NaCl_2N-R1-Time64,Stanford_mid_LT_08M_NaCl_2N-R1-Time64_R1.fastq.gz,Stanford_mid_LT_08M_NaCl_2N-R1-Time64_R2.fastq.gz
LT_08M_NaCl_2N-R1,08M_NaCl_2N-R1-Time8,Stanford_mid_LT_08M_NaCl_2N-R1-Time8_R1.fastq.gz,Stanford_mid_LT_08M_NaCl_2N-R1-Time8_R2.fastq.gz
LT_08M_NaCl_alpha-R1,08M_NaCl_alpha-R1-Time0,Stanford_hap_LT_08M_NaCl_alpha-R1-Time0_R1.fastq.gz,Stanford_hap_LT_08M_NaCl_alpha-R1-Time0_R2.fastq.gz
LT_08M_NaCl_alpha-R1,08M_NaCl_alpha-R1-Time104,Stanford_hap_LT_08M_NaCl_alpha-R1-Time104_R1.fastq.gz,Stanford_hap_LT_08M_NaCl_alpha-R1-Time104_R2.fastq.gz
LT_08M_NaCl_alpha-R1,08M_NaCl_alpha-R1-Time120,Stanford_hap_LT_08M_NaCl_alpha-R1-Time120_R1.fastq.gz,Stanford_hap_LT_08M_NaCl_alpha-R1-Time120_R2.fastq.gz
LT_08M_NaCl_alpha-R1,08M_NaCl_alpha-R1-Time136,Stanford_hap_LT_08M_NaCl_alpha-R1-Time136_R1.fastq.gz,Stanford_hap_LT_08M_NaCl_alpha-R1-Time136_R2.fastq.gz
LT_08M_NaCl_alpha-R1,08M_NaCl_alpha-R1-Time160,Stanford_hap_LT_08M_NaCl_alpha-R1-Time160_R1.fastq.gz,Stanford_hap_LT_08M_NaCl_alpha-R1-Time160_R2.fastq.gz
LT_08M_NaCl_alpha-R1,08M_NaCl_alpha-R1-Time192,Stanford_hap_LT_08M_NaCl_alpha-R1-Time192_R1.fastq.gz,Stanford_hap_LT_08M_NaCl_alpha-R1-Time192_R2.fastq.gz
LT_08M_NaCl_alpha-R1,08M_NaCl_alpha-R1-Time240,Stanford_hap_LT_08M_NaCl_alpha-R1-Time240_R1.fastq.gz,Stanford_hap_LT_08M_NaCl_alpha-R1-Time240_R2.fastq.gz
LT_08M_NaCl_alpha-R1,08M_NaCl_alpha-R1-Time72,Stanford_hap_LT_08M_NaCl_alpha-R1-Time72_R1.fastq.gz,Stanford_hap_LT_08M_NaCl_alpha-R1-Time72_R2.fastq.gz
LT_08M_NaCl_alpha-R1,08M_NaCl_alpha-R1-Time8,Stanford_hap_LT_08M_NaCl_alpha-R1-Time8_R1.fastq.gz,Stanford_hap_LT_08M_NaCl_alpha-R1-Time8_R2.fastq.gz
LT_08M_NaCl_alpha-R1,08M_NaCl_alpha-R1-Time88,Stanford_hap_LT_08M_NaCl_alpha-R1-Time88_R1.fastq.gz,Stanford_hap_LT_08M_NaCl_alpha-R1-Time88_R2.fastq.gz
LT_21C_2N-R1,21C_2N-R1-Time0,Stanford_high_LT_21C_2N-R1-Time0_R1.fastq.gz,Stanford_high_LT_21C_2N-R1-Time0_R2.fastq.gz
LT_21C_2N-R1,21C_2N-R1-Time104,Stanford_high_LT_21C_2N-R1-Time104_R1.fastq.gz,Stanford_high_LT_21C_2N-R1-Time104_R2.fastq.gz
LT_21C_2N-R1,21C_2N-R1-Time112,Stanford_high_LT_21C_2N-R1-Time112_R1.fastq.gz,Stanford_high_LT_21C_2N-R1-Time112_R2.fastq.gz
LT_21C_2N-R1,21C_2N-R1-Time128,Stanford_high_LT_21C_2N-R1-Time128_R1.fastq.gz,Stanford_high_LT_21C_2N-R1-Time128_R2.fastq.gz
LT_21C_2N-R1,21C_2N-R1-Time144,Stanford_high_LT_21C_2N-R1-Time144_R1.fastq.gz,Stanford_high_LT_21C_2N-R1-Time144_R2.fastq.gz
LT_21C_2N-R1,21C_2N-R1-Time160,Stanford_high_LT_21C_2N-R1-Time160_R1.fastq.gz,Stanford_high_LT_21C_2N-R1-Time160_R2.fastq.gz
LT_21C_2N-R1,21C_2N-R1-Time176,Stanford_high_LT_21C_2N-R1-Time176_R1.fastq.gz,Stanford_high_LT_21C_2N-R1-Time176_R2.fastq.gz
LT_21C_2N-R1,21C_2N-R1-Time192,Stanford_high_LT_21C_2N-R1-Time192_R1.fastq.gz,Stanford_high_LT_21C_2N-R1-Time192_R2.fastq.gz
LT_21C_2N-R1,21C_2N-R1-Time216,Stanford_high_LT_21C_2N-R1-Time216_R1.fastq.gz,Stanford_high_LT_21C_2N-R1-Time216_R2.fastq.gz
LT_21C_2N-R1,21C_2N-R1-Time240,Stanford_restart_LT_21C_2N-R1-Time240_R1.fastq.gz;Stanford_high_LT_21C_2N-R1-Time240_R1.fastq.gz,Stanford_restart_LT_21C_2N-R1-Time240_R2.fastq.gz;Stanford_high_LT_21C_2N-R1-Time240_R2.fastq.gz
LT_21C_2N-R1,21C_2N-R1-Time256,Stanford_restart_LT_21C_2N-R1-Time256_R1.fastq.gz,Stanford_restart_LT_21C_2N-R1-Time256_R2.fastq.gz
LT_21C_2N-R1,21C_2N-R1-Time272,Stanford_restart_LT_21C_2N-R1-Time272_R1.fastq.gz,Stanford_restart_LT_21C_2N-R1-Time272_R2.fastq.gz
LT_21C_2N-R1,21C_2N-R1-Time288,Stanford_restart_LT_21C_2N-R1-Time288_R1.fastq.gz,Stanford_restart_LT_21C_2N-R1-Time288_R2.fastq.gz
LT_21C_2N-R1,21C_2N-R1-Time304,Stanford_restart_LT_21C_2N-R1-Time304_R1.fastq.gz,Stanford_restart_LT_21C_2N-R1-Time304_R2.fastq.gz
LT_21C_2N-R1,21C_2N-R1-Time320,Stanford_restart_LT_21C_2N-R1-Time320_R1.fastq.gz,Stanford_restart_LT_21C_2N-R1-Time320_R2.fastq.gz
LT_21C_2N-R1,21C_2N-R1-Time336,Stanford_restart_LT_21C_2N-R1-Time336_R1.fastq.gz,Stanford_restart_LT_21C_2N-R1-Time336_R2.fastq.gz
LT_21C_2N-R1,21C_2N-R1-Time352,Stanford_restart_LT_21C_2N-R1-Time352_R1.fastq.gz,Stanford_restart_LT_21C_2N-R1-Time352_R2.fastq.gz
LT_21C_2N-R1,21C_2N-R1-Time368,Stanford_restart_LT_21C_2N-R1-Time368_R1.fastq.gz,Stanford_restart_LT_21C_2N-R1-Time368_R2.fastq.gz
LT_21C_2N-R1,21C_2N-R1-Time384,Stanford_restart_LT_21C_2N-R1-Time384_R1.fastq.gz,Stanford_restart_LT_21C_2N-R1-Time384_R2.fastq.gz
LT_21C_2N-R1,21C_2N-R1-Time400,Stanford_restart_LT_21C_2N-R1-Time400_R1.fastq.gz,Stanford_restart_LT_21C_2N-R1-Time400_R2.fastq.gz
LT_21C_2N-R1,21C_2N-R1-Time416,Stanford_restart_LT_21C_2N-R1-Time416_R1.fastq.gz,Stanford_restart_LT_21C_2N-R1-Time416_R2.fastq.gz
LT_21C_2N-R1,21C_2N-R1-Time440,Stanford_restart_LT_21C_2N-R1-Time440_R1.fastq.gz,Stanford_restart_LT_21C_2N-R1-Time440_R2.fastq.gz
LT_21C_2N-R1,21C_2N-R1-Time64,Stanford_high_LT_21C_2N-R1-Time64_R1.fastq.gz,Stanford_high_LT_21C_2N-R1-Time64_R2.fastq.gz
LT_21C_2N-R1,21C_2N-R1-Time72,Stanford_high_LT_21C_2N-R1-Time72_R1.fastq.gz,Stanford_high_LT_21C_2N-R1-Time72_R2.fastq.gz
LT_21C_2N-R1,21C_2N-R1-Time8,Stanford_high_LT_21C_2N-R1-Time8_R1.fastq.gz,Stanford_high_LT_21C_2N-R1-Time8_R2.fastq.gz
LT_21C_2N-R1,21C_2N-R1-Time80,Stanford_high_LT_21C_2N-R1-Time80_R1.fastq.gz,Stanford_high_LT_21C_2N-R1-Time80_R2.fastq.gz
LT_21C_2N-R1,21C_2N-R1-Time88,Stanford_high_LT_21C_2N-R1-Time88_R1.fastq.gz,Stanford_high_LT_21C_2N-R1-Time88_R2.fastq.gz
LT_21C_2N-R1,21C_2N-R1-Time96,Stanford_high_LT_21C_2N-R1-Time96_R1.fastq.gz,Stanford_high_LT_21C_2N-R1-Time96_R2.fastq.gz
LT_21C_alpha-R1,21C_alpha-R1-Time0,Stanford_hap_LT_21C_alpha-R1-Time0_R1.fastq.gz,Stanford_hap_LT_21C_alpha-R1-Time0_R2.fastq.gz
LT_21C_alpha-R1,21C_alpha-R1-Time104,Stanford_hap_LT_21C_alpha-R1-Time104_R1.fastq.gz,Stanford_hap_LT_21C_alpha-R1-Time104_R2.fastq.gz
LT_21C_alpha-R1,21C_alpha-R1-Time120,Stanford_hap_LT_21C_alpha-R1-Time120_R1.fastq.gz,Stanford_hap_LT_21C_alpha-R1-Time120_R2.fastq.gz
LT_21C_alpha-R1,21C_alpha-R1-Time136,Stanford_hap_LT_21C_alpha-R1-Time136_R1.fastq.gz,Stanford_hap_LT_21C_alpha-R1-Time136_R2.fastq.gz
LT_21C_alpha-R1,21C_alpha-R1-Time160,Stanford_hap_LT_21C_alpha-R1-Time160_R1.fastq.gz,Stanford_hap_LT_21C_alpha-R1-Time160_R2.fastq.gz
LT_21C_alpha-R1,21C_alpha-R1-Time192,Stanford_hap_LT_21C_alpha-R1-Time192_R1.fastq.gz,Stanford_hap_LT_21C_alpha-R1-Time192_R2.fastq.gz
LT_21C_alpha-R1,21C_alpha-R1-Time240,Stanford_hap_LT_21C_alpha-R1-Time240_R1.fastq.gz,Stanford_hap_LT_21C_alpha-R1-Time240_R2.fastq.gz
LT_21C_alpha-R1,21C_alpha-R1-Time72,Stanford_hap_LT_21C_alpha-R1-Time72_R1.fastq.gz,Stanford_hap_LT_21C_alpha-R1-Time72_R2.fastq.gz
LT_21C_alpha-R1,21C_alpha-R1-Time8,Stanford_hap_LT_21C_alpha-R1-Time8_R1.fastq.gz,Stanford_hap_LT_21C_alpha-R1-Time8_R2.fastq.gz
LT_21C_alpha-R1,21C_alpha-R1-Time88,Stanford_hap_LT_21C_alpha-R1-Time88_R1.fastq.gz,Stanford_hap_LT_21C_alpha-R1-Time88_R2.fastq.gz
LT_37C_2N-R1,37C_2N-R1-Time120,Harvard_dip_LT_37C_2N-R1-Time120_R1.fastq.gz,Harvard_dip_LT_37C_2N-R1-Time120_R2.fastq.gz
LT_37C_2N-R1,37C_2N-R1-Time160,Harvard_dip_LT_37C_2N-R1-Time160_R1.fastq.gz,Harvard_dip_LT_37C_2N-R1-Time160_R2.fastq.gz
LT_37C_2N-R1,37C_2N-R1-Time200,Harvard_dip_LT_37C_2N-R1-Time200_R1.fastq.gz,Harvard_dip_LT_37C_2N-R1-Time200_R2.fastq.gz
LT_37C_2N-R1,37C_2N-R1-Time240,Harvard_dip_LT_37C_2N-R1-Time240_R1.fastq.gz,Harvard_dip_LT_37C_2N-R1-Time240_R2.fastq.gz
LT_37C_2N-R1,37C_2N-R1-Time280,Harvard_dip_LT_37C_2N-R1-Time280_R1.fastq.gz,Harvard_dip_LT_37C_2N-R1-Time280_R2.fastq.gz
LT_37C_2N-R1,37C_2N-R1-Time320,Harvard_dip_LT_37C_2N-R1-Time320_R1.fastq.gz,Harvard_dip_LT_37C_2N-R1-Time320_R2.fastq.gz
LT_37C_2N-R1,37C_2N-R1-Time8,Harvard_dip_LT_37C_2N-R1-Time8_R1.fastq.gz,Harvard_dip_LT_37C_2N-R1-Time8_R2.fastq.gz
LT_37C_2N-R1,37C_2N-R1-Time80,Harvard_dip_LT_37C_2N-R1-Time80_R1.fastq.gz,Harvard_dip_LT_37C_2N-R1-Time80_R2.fastq.gz
LT_37C_2N-R2,37C_2N-R2-Time120,Harvard_dip_LT_37C_2N-R2-Time120_R1.fastq.gz,Harvard_dip_LT_37C_2N-R2-Time120_R2.fastq.gz
LT_37C_2N-R2,37C_2N-R2-Time160,Harvard_dip_LT_37C_2N-R2-Time160_R1.fastq.gz,Harvard_dip_LT_37C_2N-R2-Time160_R2.fastq.gz
LT_37C_2N-R2,37C_2N-R2-Time200,Harvard_dip_LT_37C_2N-R2-Time200_R1.fastq.gz,Harvard_dip_LT_37C_2N-R2-Time200_R2.fastq.gz
LT_37C_2N-R2,37C_2N-R2-Time240,Harvard_dip_LT_37C_2N-R2-Time240_R1.fastq.gz,Harvard_dip_LT_37C_2N-R2-Time240_R2.fastq.gz
LT_37C_2N-R2,37C_2N-R2-Time280,Harvard_dip_LT_37C_2N-R2-Time280_R1.fastq.gz,Harvard_dip_LT_37C_2N-R2-Time280_R2.fastq.gz
LT_37C_2N-R2,37C_2N-R2-Time320,Harvard_dip_LT_37C_2N-R2-Time320_R1.fastq.gz,Harvard_dip_LT_37C_2N-R2-Time320_R2.fastq.gz
LT_37C_2N-R2,37C_2N-R2-Time8,Harvard_dip_LT_37C_2N-R2-Time8_R1.fastq.gz,Harvard_dip_LT_37C_2N-R2-Time8_R2.fastq.gz
LT_37C_2N-R2,37C_2N-R2-Time80,Harvard_dip_LT_37C_2N-R2-Time80_R1.fastq.gz,Harvard_dip_LT_37C_2N-R2-Time80_R2.fastq.gz
LT_48Hr_2N-R1,48Hr_2N-R1-Time120,Harvard_dip_LT_48Hr_2N-R1-Time120_R1.fastq.gz,Harvard_dip_LT_48Hr_2N-R1-Time120_R2.fastq.gz
LT_48Hr_2N-R1,48Hr_2N-R1-Time160,Harvard_dip_LT_48Hr_2N-R1-Time160_R1.fastq.gz,Harvard_dip_LT_48Hr_2N-R1-Time160_R2.fastq.gz
LT_48Hr_2N-R1,48Hr_2N-R1-Time200,Harvard_dip_LT_48Hr_2N-R1-Time200_R1.fastq.gz,Harvard_dip_LT_48Hr_2N-R1-Time200_R2.fastq.gz
LT_48Hr_2N-R1,48Hr_2N-R1-Time240,Harvard_dip_LT_48Hr_2N-R1-Time240_R1.fastq.gz,Harvard_dip_LT_48Hr_2N-R1-Time240_R2.fastq.gz
LT_48Hr_2N-R1,48Hr_2N-R1-Time280,Harvard_dip_LT_48Hr_2N-R1-Time280_R1.fastq.gz,Harvard_dip_LT_48Hr_2N-R1-Time280_R2.fastq.gz
LT_48Hr_2N-R1,48Hr_2N-R1-Time320,Harvard_dip_LT_48Hr_2N-R1-Time320_R1.fastq.gz,Harvard_dip_LT_48Hr_2N-R1-Time320_R2.fastq.gz
LT_48Hr_2N-R1,48Hr_2N-R1-Time8,Harvard_dip_LT_48Hr_2N-R1-Time8_R1.fastq.gz,Harvard_dip_LT_48Hr_2N-R1-Time8_R2.fastq.gz
LT_48Hr_2N-R1,48Hr_2N-R1-Time80,Harvard_dip_LT_48Hr_2N-R1-Time80_R1.fastq.gz,Harvard_dip_LT_48Hr_2N-R1-Time80_R2.fastq.gz
LT_48Hr_2N-R2,48Hr_2N-R2-Time120,Harvard_dip_LT_48Hr_2N-R2-Time120_R1.fastq.gz,Harvard_dip_LT_48Hr_2N-R2-Time120_R2.fastq.gz
LT_48Hr_2N-R2,48Hr_2N-R2-Time160,Harvard_dip_LT_48Hr_2N-R2-Time160_R1.fastq.gz,Harvard_dip_LT_48Hr_2N-R2-Time160_R2.fastq.gz
LT_48Hr_2N-R2,48Hr_2N-R2-Time200,Harvard_dip_LT_48Hr_2N-R2-Time200_R1.fastq.gz,Harvard_dip_LT_48Hr_2N-R2-Time200_R2.fastq.gz
LT_48Hr_2N-R2,48Hr_2N-R2-Time240,Harvard_dip_LT_48Hr_2N-R2-Time240_R1.fastq.gz,Harvard_dip_LT_48Hr_2N-R2-Time240_R2.fastq.gz
LT_48Hr_2N-R2,48Hr_2N-R2-Time280,Harvard_dip_LT_48Hr_2N-R2-Time280_R1.fastq.gz,Harvard_dip_LT_48Hr_2N-R2-Time280_R2.fastq.gz
LT_48Hr_2N-R2,48Hr_2N-R2-Time320,Harvard_dip_LT_48Hr_2N-R2-Time320_R1.fastq.gz,Harvard_dip_LT_48Hr_2N-R2-Time320_R2.fastq.gz
LT_48Hr_2N-R2,48Hr_2N-R2-Time8,Harvard_dip_LT_48Hr_2N-R2-Time8_R1.fastq.gz,Harvard_dip_LT_48Hr_2N-R2-Time8_R2.fastq.gz
LT_48Hr_2N-R2,48Hr_2N-R2-Time80,Harvard_dip_LT_48Hr_2N-R2-Time80_R1.fastq.gz,Harvard_dip_LT_48Hr_2N-R2-Time80_R2.fastq.gz
LT_CLM_2N-R1,CLM_2N-R1-Time0,Stanford_mid_LT_CLM_2N-R1-Time0_R1.fastq.gz,Stanford_mid_LT_CLM_2N-R1-Time0_R2.fastq.gz
LT_CLM_2N-R1,CLM_2N-R1-Time16,Stanford_mid_LT_CLM_2N-R1-Time16_R1.fastq.gz,Stanford_mid_LT_CLM_2N-R1-Time16_R2.fastq.gz
LT_CLM_2N-R1,CLM_2N-R1-Time24,Stanford_redos_LT_CLM_2N-R1-Time24_R1.fastq.gz,Stanford_redos_LT_CLM_2N-R1-Time24_R2.fastq.gz
LT_CLM_2N-R1,CLM_2N-R1-Time32,Stanford_mid_LT_CLM_2N-R1-Time32_R1.fastq.gz,Stanford_mid_LT_CLM_2N-R1-Time32_R2.fastq.gz
LT_CLM_2N-R1,CLM_2N-R1-Time40,Stanford_mid_LT_CLM_2N-R1-Time40_R1.fastq.gz,Stanford_mid_LT_CLM_2N-R1-Time40_R2.fastq.gz
LT_CLM_2N-R1,CLM_2N-R1-Time48,Stanford_redos_LT_CLM_2N-R1-Time48_R1.fastq.gz,Stanford_redos_LT_CLM_2N-R1-Time48_R2.fastq.gz
LT_CLM_2N-R1,CLM_2N-R1-Time56,Stanford_redos_LT_CLM_2N-R1-Time56_R1.fastq.gz,Stanford_redos_LT_CLM_2N-R1-Time56_R2.fastq.gz
LT_CLM_2N-R1,CLM_2N-R1-Time8,Stanford_mid_LT_CLM_2N-R1-Time8_R1.fastq.gz,Stanford_mid_LT_CLM_2N-R1-Time8_R2.fastq.gz
LT_CLM_alpha-R1,CLM_alpha-R1-Time0,Stanford_hap_LT_CLM_alpha-R1-Time0_R1.fastq.gz,Stanford_hap_LT_CLM_alpha-R1-Time0_R2.fastq.gz
LT_CLM_alpha-R1,CLM_alpha-R1-Time104,Stanford_hap_LT_CLM_alpha-R1-Time104_R1.fastq.gz,Stanford_hap_LT_CLM_alpha-R1-Time104_R2.fastq.gz
LT_CLM_alpha-R1,CLM_alpha-R1-Time120,Stanford_hap_LT_CLM_alpha-R1-Time120_R1.fastq.gz,Stanford_hap_LT_CLM_alpha-R1-Time120_R2.fastq.gz
LT_CLM_alpha-R1,CLM_alpha-R1-Time136,Stanford_hap_LT_CLM_alpha-R1-Time136_R1.fastq.gz,Stanford_hap_LT_CLM_alpha-R1-Time136_R2.fastq.gz
LT_CLM_alpha-R1,CLM_alpha-R1-Time16,Stanford_redos_LT_CLM_alpha-R1-Time16_R1.fastq.gz,Stanford_redos_LT_CLM_alpha-R1-Time16_R2.fastq.gz
LT_CLM_alpha-R1,CLM_alpha-R1-Time160,Stanford_hap_LT_CLM_alpha-R1-Time160_R1.fastq.gz,Stanford_hap_LT_CLM_alpha-R1-Time160_R2.fastq.gz
LT_CLM_alpha-R1,CLM_alpha-R1-Time192,Stanford_hap_LT_CLM_alpha-R1-Time192_R1.fastq.gz,Stanford_hap_LT_CLM_alpha-R1-Time192_R2.fastq.gz
LT_CLM_alpha-R1,CLM_alpha-R1-Time24,Stanford_redos_LT_CLM_alpha-R1-Time24_R1.fastq.gz,Stanford_redos_LT_CLM_alpha-R1-Time24_R2.fastq.gz
LT_CLM_alpha-R1,CLM_alpha-R1-Time240,Stanford_hap_LT_CLM_alpha-R1-Time240_R1.fastq.gz,Stanford_hap_LT_CLM_alpha-R1-Time240_R2.fastq.gz
LT_CLM_alpha-R1,CLM_alpha-R1-Time32,Stanford_redos_LT_CLM_alpha-R1-Time32_R1.fastq.gz,Stanford_redos_LT_CLM_alpha-R1-Time32_R2.fastq.gz
LT_CLM_alpha-R1,CLM_alpha-R1-Time40,Stanford_redos_LT_CLM_alpha-R1-Time40_R1.fastq.gz,Stanford_redos_LT_CLM_alpha-R1-Time40_R2.fastq.gz
LT_CLM_alpha-R1,CLM_alpha-R1-Time48,Stanford_redos_LT_CLM_alpha-R1-Time48_R1.fastq.gz,Stanford_redos_LT_CLM_alpha-R1-Time48_R2.fastq.gz
LT_CLM_alpha-R1,CLM_alpha-R1-Time56,Stanford_redos_LT_CLM_alpha-R1-Time56_R1.fastq.gz,Stanford_redos_LT_CLM_alpha-R1-Time56_R2.fastq.gz
LT_CLM_alpha-R1,CLM_alpha-R1-Time64,Stanford_redos_LT_CLM_alpha-R1-Time64_R1.fastq.gz,Stanford_redos_LT_CLM_alpha-R1-Time64_R2.fastq.gz
LT_CLM_alpha-R1,CLM_alpha-R1-Time72,Stanford_hap_LT_CLM_alpha-R1-Time72_R1.fastq.gz,Stanford_hap_LT_CLM_alpha-R1-Time72_R2.fastq.gz
LT_CLM_alpha-R1,CLM_alpha-R1-Time8,Stanford_hap_LT_CLM_alpha-R1-Time8_R1.fastq.gz,Stanford_hap_LT_CLM_alpha-R1-Time8_R2.fastq.gz
LT_CLM_alpha-R1,CLM_alpha-R1-Time88,Stanford_hap_LT_CLM_alpha-R1-Time88_R1.fastq.gz,Stanford_hap_LT_CLM_alpha-R1-Time88_R2.fastq.gz
LT_FLC32_2N-R1,FLC32_2N-R1-Time0,Stanford_high_LT_FLC32_2N-R1-Time0_R1.fastq.gz,Stanford_high_LT_FLC32_2N-R1-Time0_R2.fastq.gz
LT_FLC32_2N-R1,FLC32_2N-R1-Time104,Stanford_high_LT_FLC32_2N-R1-Time104_R1.fastq.gz,Stanford_high_LT_FLC32_2N-R1-Time104_R2.fastq.gz
LT_FLC32_2N-R1,FLC32_2N-R1-Time112,Stanford_high_LT_FLC32_2N-R1-Time112_R1.fastq.gz,Stanford_high_LT_FLC32_2N-R1-Time112_R2.fastq.gz
LT_FLC32_2N-R1,FLC32_2N-R1-Time176,Stanford_high_LT_FLC32_2N-R1-Time176_R1.fastq.gz,Stanford_high_LT_FLC32_2N-R1-Time176_R2.fastq.gz
LT_FLC32_2N-R1,FLC32_2N-R1-Time192,Stanford_high_LT_FLC32_2N-R1-Time192_R1.fastq.gz,Stanford_high_LT_FLC32_2N-R1-Time192_R2.fastq.gz
LT_FLC32_2N-R1,FLC32_2N-R1-Time64,Stanford_high_LT_FLC32_2N-R1-Time64_R1.fastq.gz,Stanford_high_LT_FLC32_2N-R1-Time64_R2.fastq.gz
LT_FLC32_2N-R1,FLC32_2N-R1-Time72,Stanford_high_LT_FLC32_2N-R1-Time72_R1.fastq.gz,Stanford_high_LT_FLC32_2N-R1-Time72_R2.fastq.gz
LT_FLC32_2N-R1,FLC32_2N-R1-Time8,Stanford_high_LT_FLC32_2N-R1-Time8_R1.fastq.gz,Stanford_high_LT_FLC32_2N-R1-Time8_R2.fastq.gz
LT_FLC32_2N-R1,FLC32_2N-R1-Time80,Stanford_high_LT_FLC32_2N-R1-Time80_R1.fastq.gz,Stanford_high_LT_FLC32_2N-R1-Time80_R2.fastq.gz
LT_FLC32_2N-R1,FLC32_2N-R1-Time88,Stanford_high_LT_FLC32_2N-R1-Time88_R1.fastq.gz,Stanford_high_LT_FLC32_2N-R1-Time88_R2.fastq.gz
LT_FLC32_2N-R1,FLC32_2N-R1-Time96,Stanford_high_LT_FLC32_2N-R1-Time96_R1.fastq.gz,Stanford_high_LT_FLC32_2N-R1-Time96_R2.fastq.gz
LT_FLC32_alpha-R1,FLC32_alpha-R1-Time0,Stanford_hap_LT_FLC32_alpha-R1-Time0_R1.fastq.gz,Stanford_hap_LT_FLC32_alpha-R1-Time0_R2.fastq.gz
LT_FLC32_alpha-R1,FLC32_alpha-R1-Time104,Stanford_hap_LT_FLC32_alpha-R1-Time104_R1.fastq.gz,Stanford_hap_LT_FLC32_alpha-R1-Time104_R2.fastq.gz
LT_FLC32_alpha-R1,FLC32_alpha-R1-Time120,Stanford_hap_LT_FLC32_alpha-R1-Time120_R1.fastq.gz,Stanford_hap_LT_FLC32_alpha-R1-Time120_R2.fastq.gz
LT_FLC32_alpha-R1,FLC32_alpha-R1-Time136,Stanford_hap_LT_FLC32_alpha-R1-Time136_R1.fastq.gz,Stanford_hap_LT_FLC32_alpha-R1-Time136_R2.fastq.gz
LT_FLC32_alpha-R1,FLC32_alpha-R1-Time160,Stanford_hap_LT_FLC32_alpha-R1-Time160_R1.fastq.gz,Stanford_hap_LT_FLC32_alpha-R1-Time160_R2.fastq.gz
LT_FLC32_alpha-R1,FLC32_alpha-R1-Time192,Stanford_hap_LT_FLC32_alpha-R1-Time192_R1.fastq.gz,Stanford_hap_LT_FLC32_alpha-R1-Time192_R2.fastq.gz
LT_FLC32_alpha-R1,FLC32_alpha-R1-Time240,Stanford_hap_LT_FLC32_alpha-R1-Time240_R1.fastq.gz,Stanford_hap_LT_FLC32_alpha-R1-Time240_R2.fastq.gz
LT_FLC32_alpha-R1,FLC32_alpha-R1-Time72,Stanford_hap_LT_FLC32_alpha-R1-Time72_R1.fastq.gz,Stanford_hap_LT_FLC32_alpha-R1-Time72_R2.fastq.gz
LT_FLC32_alpha-R1,FLC32_alpha-R1-Time8,Stanford_hap_LT_FLC32_alpha-R1-Time8_R1.fastq.gz,Stanford_hap_LT_FLC32_alpha-R1-Time8_R2.fastq.gz
LT_FLC32_alpha-R1,FLC32_alpha-R1-Time88,Stanford_hap_LT_FLC32_alpha-R1-Time88_R1.fastq.gz,Stanford_hap_LT_FLC32_alpha-R1-Time88_R2.fastq.gz
LT_FLC4_2N-R1,FLC4_2N-R1-Time0,Stanford_redos_LT_FLC4_2N-R1-Time0_R1.fastq.gz,Stanford_redos_LT_FLC4_2N-R1-Time0_R2.fastq.gz
LT_FLC4_2N-R1,FLC4_2N-R1-Time120,Stanford_high_LT_FLC4_2N-R1-Time120_R1.fastq.gz,Stanford_high_LT_FLC4_2N-R1-Time120_R2.fastq.gz
LT_FLC4_2N-R1,FLC4_2N-R1-Time136,Stanford_high_LT_FLC4_2N-R1-Time136_R1.fastq.gz,Stanford_high_LT_FLC4_2N-R1-Time136_R2.fastq.gz
LT_FLC4_2N-R1,FLC4_2N-R1-Time152,Stanford_high_LT_FLC4_2N-R1-Time152_R1.fastq.gz,Stanford_high_LT_FLC4_2N-R1-Time152_R2.fastq.gz
LT_FLC4_2N-R1,FLC4_2N-R1-Time16,Stanford_redos_LT_FLC4_2N-R1-Time16_R1.fastq.gz,Stanford_redos_LT_FLC4_2N-R1-Time16_R2.fastq.gz
LT_FLC4_2N-R1,FLC4_2N-R1-Time176,Stanford_high_LT_FLC4_2N-R1-Time176_R1.fastq.gz,Stanford_high_LT_FLC4_2N-R1-Time176_R2.fastq.gz
LT_FLC4_2N-R1,FLC4_2N-R1-Time216,Stanford_high_LT_FLC4_2N-R1-Time216_R1.fastq.gz,Stanford_high_LT_FLC4_2N-R1-Time216_R2.fastq.gz
LT_FLC4_2N-R1,FLC4_2N-R1-Time24,Stanford_redos_LT_FLC4_2N-R1-Time24_R1.fastq.gz,Stanford_redos_LT_FLC4_2N-R1-Time24_R2.fastq.gz
LT_FLC4_2N-R1,FLC4_2N-R1-Time32,Stanford_redos_LT_FLC4_2N-R1-Time32_R1.fastq.gz,Stanford_redos_LT_FLC4_2N-R1-Time32_R2.fastq.gz
LT_FLC4_2N-R1,FLC4_2N-R1-Time40,Stanford_redos_LT_FLC4_2N-R1-Time40_R1.fastq.gz,Stanford_redos_LT_FLC4_2N-R1-Time40_R2.fastq.gz
LT_FLC4_2N-R1,FLC4_2N-R1-Time48,Stanford_redos_LT_FLC4_2N-R1-Time48_R1.fastq.gz,Stanford_redos_LT_FLC4_2N-R1-Time48_R2.fastq.gz
LT_FLC4_2N-R1,FLC4_2N-R1-Time56,Stanford_redos_LT_FLC4_2N-R1-Time56_R1.fastq.gz,Stanford_redos_LT_FLC4_2N-R1-Time56_R2.fastq.gz
LT_FLC4_2N-R1,FLC4_2N-R1-Time64,Stanford_high_LT_FLC4_2N-R1-Time64_R1.fastq.gz,Stanford_high_LT_FLC4_2N-R1-Time64_R2.fastq.gz
LT_FLC4_2N-R1,FLC4_2N-R1-Time8,Stanford_high_LT_FLC4_2N-R1-Time8_R1.fastq.gz,Stanford_high_LT_FLC4_2N-R1-Time8_R2.fastq.gz
LT_FLC4_2N-R1,FLC4_2N-R1-Time80,Stanford_high_LT_FLC4_2N-R1-Time80_R1.fastq.gz,Stanford_high_LT_FLC4_2N-R1-Time80_R2.fastq.gz
LT_FLC4_2N-R1,FLC4_2N-R1-Time88,Stanford_high_LT_FLC4_2N-R1-Time88_R1.fastq.gz,Stanford_high_LT_FLC4_2N-R1-Time88_R2.fastq.gz
LT_FLC4_2N-R1,FLC4_2N-R1-Time96,Stanford_high_LT_FLC4_2N-R1-Time96_R1.fastq.gz,Stanford_high_LT_FLC4_2N-R1-Time96_R2.fastq.gz
LT_FLC4_alpha-R1,FLC4_alpha-R1-Time0,Stanford_hap_LT_FLC4_alpha-R1-Time0_R1.fastq.gz,Stanford_hap_LT_FLC4_alpha-R1-Time0_R2.fastq.gz
LT_FLC4_alpha-R1,FLC4_alpha-R1-Time104,Stanford_hap_LT_FLC4_alpha-R1-Time104_R1.fastq.gz,Stanford_hap_LT_FLC4_alpha-R1-Time104_R2.fastq.gz
LT_FLC4_alpha-R1,FLC4_alpha-R1-Time120,Stanford_hap_LT_FLC4_alpha-R1-Time120_R1.fastq.gz,Stanford_hap_LT_FLC4_alpha-R1-Time120_R2.fastq.gz
LT_FLC4_alpha-R1,FLC4_alpha-R1-Time136,Stanford_hap_LT_FLC4_alpha-R1-Time136_R1.fastq.gz,Stanford_hap_LT_FLC4_alpha-R1-Time136_R2.fastq.gz
LT_FLC4_alpha-R1,FLC4_alpha-R1-Time16,Stanford_redos_LT_FLC4_alpha-R1-Time16_R1.fastq.gz,Stanford_redos_LT_FLC4_alpha-R1-Time16_R2.fastq.gz
LT_FLC4_alpha-R1,FLC4_alpha-R1-Time160,Stanford_hap_LT_FLC4_alpha-R1-Time160_R1.fastq.gz,Stanford_hap_LT_FLC4_alpha-R1-Time160_R2.fastq.gz
LT_FLC4_alpha-R1,FLC4_alpha-R1-Time192,Stanford_hap_LT_FLC4_alpha-R1-Time192_R1.fastq.gz,Stanford_hap_LT_FLC4_alpha-R1-Time192_R2.fastq.gz
LT_FLC4_alpha-R1,FLC4_alpha-R1-Time24,Stanford_redos_LT_FLC4_alpha-R1-Time24_R1.fastq.gz,Stanford_redos_LT_FLC4_alpha-R1-Time24_R2.fastq.gz
LT_FLC4_alpha-R1,FLC4_alpha-R1-Time240,Stanford_hap_LT_FLC4_alpha-R1-Time240_R1.fastq.gz,Stanford_hap_LT_FLC4_alpha-R1-Time240_R2.fastq.gz
LT_FLC4_alpha-R1,FLC4_alpha-R1-Time32,Stanford_redos_LT_FLC4_alpha-R1-Time32_R1.fastq.gz,Stanford_redos_LT_FLC4_alpha-R1-Time32_R2.fastq.gz
LT_FLC4_alpha-R1,FLC4_alpha-R1-Time40,Stanford_redos_LT_FLC4_alpha-R1-Time40_R1.fastq.gz,Stanford_redos_LT_FLC4_alpha-R1-Time40_R2.fastq.gz
LT_FLC4_alpha-R1,FLC4_alpha-R1-Time48,Stanford_redos_LT_FLC4_alpha-R1-Time48_R1.fastq.gz,Stanford_redos_LT_FLC4_alpha-R1-Time48_R2.fastq.gz
LT_FLC4_alpha-R1,FLC4_alpha-R1-Time56,Stanford_redos_LT_FLC4_alpha-R1-Time56_R1.fastq.gz,Stanford_redos_LT_FLC4_alpha-R1-Time56_R2.fastq.gz
LT_FLC4_alpha-R1,FLC4_alpha-R1-Time64,Stanford_redos_LT_FLC4_alpha-R1-Time64_R1.fastq.gz,Stanford_redos_LT_FLC4_alpha-R1-Time64_R2.fastq.gz
LT_FLC4_alpha-R1,FLC4_alpha-R1-Time72,Stanford_hap_LT_FLC4_alpha-R1-Time72_R1.fastq.gz,Stanford_hap_LT_FLC4_alpha-R1-Time72_R2.fastq.gz
LT_FLC4_alpha-R1,FLC4_alpha-R1-Time8,Stanford_hap_LT_FLC4_alpha-R1-Time8_R1.fastq.gz,Stanford_hap_LT_FLC4_alpha-R1-Time8_R2.fastq.gz
LT_FLC4_alpha-R1,FLC4_alpha-R1-Time88,Stanford_hap_LT_FLC4_alpha-R1-Time88_R1.fastq.gz,Stanford_hap_LT_FLC4_alpha-R1-Time88_R2.fastq.gz
LT_GlyEtOH_2N-R1,GlyEtOH_2N-R1-Time0,Stanford_mid_LT_GlyEtOH_2N-R1-Time0_R1.fastq.gz,Stanford_mid_LT_GlyEtOH_2N-R1-Time0_R2.fastq.gz
LT_GlyEtOH_2N-R1,GlyEtOH_2N-R1-Time104,Stanford_mid_LT_GlyEtOH_2N-R1-Time104_R1.fastq.gz,Stanford_mid_LT_GlyEtOH_2N-R1-Time104_R2.fastq.gz
LT_GlyEtOH_2N-R1,GlyEtOH_2N-R1-Time112,Stanford_mid_LT_GlyEtOH_2N-R1-Time112_R1.fastq.gz,Stanford_mid_LT_GlyEtOH_2N-R1-Time112_R2.fastq.gz
LT_GlyEtOH_2N-R1,GlyEtOH_2N-R1-Time120,Stanford_mid_LT_GlyEtOH_2N-R1-Time120_R1.fastq.gz,Stanford_mid_LT_GlyEtOH_2N-R1-Time120_R2.fastq.gz
LT_GlyEtOH_2N-R1,GlyEtOH_2N-R1-Time128,Stanford_mid_LT_GlyEtOH_2N-R1-Time128_R1.fastq.gz,Stanford_mid_LT_GlyEtOH_2N-R1-Time128_R2.fastq.gz
LT_GlyEtOH_2N-R1,GlyEtOH_2N-R1-Time136,Stanford_mid_LT_GlyEtOH_2N-R1-Time136_R1.fastq.gz,Stanford_mid_LT_GlyEtOH_2N-R1-Time136_R2.fastq.gz
LT_GlyEtOH_2N-R1,GlyEtOH_2N-R1-Time152,Stanford_mid_LT_GlyEtOH_2N-R1-Time152_R1.fastq.gz,Stanford_mid_LT_GlyEtOH_2N-R1-Time152_R2.fastq.gz
LT_GlyEtOH_2N-R1,GlyEtOH_2N-R1-Time168,Stanford_mid_LT_GlyEtOH_2N-R1-Time168_R1.fastq.gz,Stanford_mid_LT_GlyEtOH_2N-R1-Time168_R2.fastq.gz
LT_GlyEtOH_2N-R1,GlyEtOH_2N-R1-Time184,Stanford_mid_LT_GlyEtOH_2N-R1-Time184_R1.fastq.gz,Stanford_mid_LT_GlyEtOH_2N-R1-Time184_R2.fastq.gz
LT_GlyEtOH_2N-R1,GlyEtOH_2N-R1-Time200,Stanford_mid_LT_GlyEtOH_2N-R1-Time200_R1.fastq.gz,Stanford_mid_LT_GlyEtOH_2N-R1-Time200_R2.fastq.gz
LT_GlyEtOH_2N-R1,GlyEtOH_2N-R1-Time216,Stanford_mid_LT_GlyEtOH_2N-R1-Time216_R1.fastq.gz,Stanford_mid_LT_GlyEtOH_2N-R1-Time216_R2.fastq.gz
LT_GlyEtOH_2N-R1,GlyEtOH_2N-R1-Time240,Stanford_mid_LT_GlyEtOH_2N-R1-Time240_R1.fastq.gz,Stanford_mid_LT_GlyEtOH_2N-R1-Time240_R2.fastq.gz
LT_GlyEtOH_2N-R1,GlyEtOH_2N-R1-Time64,Stanford_mid_LT_GlyEtOH_2N-R1-Time64_R1.fastq.gz,Stanford_mid_LT_GlyEtOH_2N-R1-Time64_R2.fastq.gz
LT_GlyEtOH_2N-R1,GlyEtOH_2N-R1-Time72,Stanford_mid_LT_GlyEtOH_2N-R1-Time72_R1.fastq.gz,Stanford_mid_LT_GlyEtOH_2N-R1-Time72_R2.fastq.gz
LT_GlyEtOH_2N-R1,GlyEtOH_2N-R1-Time80,Stanford_mid_LT_GlyEtOH_2N-R1-Time80_R1.fastq.gz,Stanford_mid_LT_GlyEtOH_2N-R1-Time80_R2.fastq.gz
LT_GlyEtOH_2N-R1,GlyEtOH_2N-R1-Time88,Stanford_mid_LT_GlyEtOH_2N-R1-Time88_R1.fastq.gz,Stanford_mid_LT_GlyEtOH_2N-R1-Time88_R2.fastq.gz
LT_GlyEtOH_2N-R1,GlyEtOH_2N-R1-Time96,Stanford_mid_LT_GlyEtOH_2N-R1-Time96_R1.fastq.gz,Stanford_mid_LT_GlyEtOH_2N-R1-Time96_R2.fastq.gz
LT_GlyEtOH_alpha-R1,GlyEtOH_alpha-R1-Time0,Stanford_hap_LT_GlyEtOH_alpha-R1-Time0_R1.fastq.gz,Stanford_hap_LT_GlyEtOH_alpha-R1-Time0_R2.fastq.gz
LT_GlyEtOH_alpha-R1,GlyEtOH_alpha-R1-Time104,Stanford_hap_LT_GlyEtOH_alpha-R1-Time104_R1.fastq.gz,Stanford_hap_LT_GlyEtOH_alpha-R1-Time104_R2.fastq.gz
LT_GlyEtOH_alpha-R1,GlyEtOH_alpha-R1-Time120,Stanford_hap_LT_GlyEtOH_alpha-R1-Time120_R1.fastq.gz,Stanford_hap_LT_GlyEtOH_alpha-R1-Time120_R2.fastq.gz
LT_GlyEtOH_alpha-R1,GlyEtOH_alpha-R1-Time136,Stanford_hap_LT_GlyEtOH_alpha-R1-Time136_R1.fastq.gz,Stanford_hap_LT_GlyEtOH_alpha-R1-Time136_R2.fastq.gz
LT_GlyEtOH_alpha-R1,GlyEtOH_alpha-R1-Time160,Stanford_hap_LT_GlyEtOH_alpha-R1-Time160_R1.fastq.gz,Stanford_hap_LT_GlyEtOH_alpha-R1-Time160_R2.fastq.gz
LT_GlyEtOH_alpha-R1,GlyEtOH_alpha-R1-Time192,Stanford_hap_LT_GlyEtOH_alpha-R1-Time192_R1.fastq.gz,Stanford_hap_LT_GlyEtOH_alpha-R1-Time192_R2.fastq.gz
LT_GlyEtOH_alpha-R1,GlyEtOH_alpha-R1-Time240,Stanford_hap_LT_GlyEtOH_alpha-R1-Time240_R1.fastq.gz,Stanford_hap_LT_GlyEtOH_alpha-R1-Time240_R2.fastq.gz
LT_GlyEtOH_alpha-R1,GlyEtOH_alpha-R1-Time72,Stanford_hap_LT_GlyEtOH_alpha-R1-Time72_R1.fastq.gz,Stanford_hap_LT_GlyEtOH_alpha-R1-Time72_R2.fastq.gz
LT_GlyEtOH_alpha-R1,GlyEtOH_alpha-R1-Time8,Stanford_hap_LT_GlyEtOH_alpha-R1-Time8_R1.fastq.gz,Stanford_hap_LT_GlyEtOH_alpha-R1-Time8_R2.fastq.gz
LT_GlyEtOH_alpha-R1,GlyEtOH_alpha-R1-Time88,Stanford_hap_LT_GlyEtOH_alpha-R1-Time88_R1.fastq.gz,Stanford_hap_LT_GlyEtOH_alpha-R1-Time88_R2.fastq.gz
LT_M3_2N-R1,M3_2N-R1-Time0,Stanford_high_LT_M3_2N-R1-Time0_R1.fastq.gz,Stanford_high_LT_M3_2N-R1-Time0_R2.fastq.gz
LT_M3_2N-R1,M3_2N-R1-Time104,Stanford_high_LT_M3_2N-R1-Time104_R1.fastq.gz,Stanford_high_LT_M3_2N-R1-Time104_R2.fastq.gz
LT_M3_2N-R1,M3_2N-R1-Time112,Stanford_high_LT_M3_2N-R1-Time112_R1.fastq.gz,Stanford_high_LT_M3_2N-R1-Time112_R2.fastq.gz
LT_M3_2N-R1,M3_2N-R1-Time128,Stanford_high_LT_M3_2N-R1-Time128_R1.fastq.gz,Stanford_high_LT_M3_2N-R1-Time128_R2.fastq.gz
LT_M3_2N-R1,M3_2N-R1-Time144,Stanford_high_LT_M3_2N-R1-Time144_R1.fastq.gz,Stanford_high_LT_M3_2N-R1-Time144_R2.fastq.gz
LT_M3_2N-R1,M3_2N-R1-Time160,Stanford_high_LT_M3_2N-R1-Time160_R1.fastq.gz,Stanford_high_LT_M3_2N-R1-Time160_R2.fastq.gz
LT_M3_2N-R1,M3_2N-R1-Time216,Stanford_high_LT_M3_2N-R1-Time216_R1.fastq.gz,Stanford_high_LT_M3_2N-R1-Time216_R2.fastq.gz
LT_M3_2N-R1,M3_2N-R1-Time96,Stanford_high_LT_M3_2N-R1-Time96_R1.fastq.gz,Stanford_high_LT_M3_2N-R1-Time96_R2.fastq.gz
LT_M3_alpha-R1,M3_alpha-R1-Time0,Stanford_hap_LT_M3_alpha-R1-Time0_R1.fastq.gz,Stanford_hap_LT_M3_alpha-R1-Time0_R2.fastq.gz
LT_M3_alpha-R1,M3_alpha-R1-Time104,Stanford_hap_LT_M3_alpha-R1-Time104_R1.fastq.gz,Stanford_hap_LT_M3_alpha-R1-Time104_R2.fastq.gz
LT_M3_alpha-R1,M3_alpha-R1-Time120,Stanford_hap_LT_M3_alpha-R1-Time120_R1.fastq.gz,Stanford_hap_LT_M3_alpha-R1-Time120_R2.fastq.gz
LT_M3_alpha-R1,M3_alpha-R1-Time136,Stanford_hap_LT_M3_alpha-R1-Time136_R1.fastq.gz,Stanford_hap_LT_M3_alpha-R1-Time136_R2.fastq.gz
LT_M3_alpha-R1,M3_alpha-R1-Time160,Stanford_hap_LT_M3_alpha-R1-Time160_R1.fastq.gz,Stanford_hap_LT_M3_alpha-R1-Time160_R2.fastq.gz
LT_M3_alpha-R1,M3_alpha-R1-Time192,Stanford_hap_LT_M3_alpha-R1-Time192_R1.fastq.gz,Stanford_hap_LT_M3_alpha-R1-Time192_R2.fastq.gz
LT_M3_alpha-R1,M3_alpha-R1-Time240,Stanford_hap_LT_M3_alpha-R1-Time240_R1.fastq.gz,Stanford_hap_LT_M3_alpha-R1-Time240_R2.fastq.gz
LT_M3_alpha-R1,M3_alpha-R1-Time72,Stanford_hap_LT_M3_alpha-R1-Time72_R1.fastq.gz,Stanford_hap_LT_M3_alpha-R1-Time72_R2.fastq.gz
LT_M3_alpha-R1,M3_alpha-R1-Time8,Stanford_hap_LT_M3_alpha-R1-Time8_R1.fastq.gz,Stanford_hap_LT_M3_alpha-R1-Time8_R2.fastq.gz
LT_M3_alpha-R1,M3_alpha-R1-Time88,Stanford_hap_LT_M3_alpha-R1-Time88_R1.fastq.gz,Stanford_hap_LT_M3_alpha-R1-Time88_R2.fastq.gz
LT_SC_2N-R1,SC_2N-R1-Time120,Harvard_dip_LT_SC_2N-R1-Time120_R1.fastq.gz,Harvard_dip_LT_SC_2N-R1-Time120_R2.fastq.gz
LT_SC_2N-R1,SC_2N-R1-Time160,Harvard_dip_LT_SC_2N-R1-Time160_R1.fastq.gz,Harvard_dip_LT_SC_2N-R1-Time160_R2.fastq.gz
LT_SC_2N-R1,SC_2N-R1-Time200,Harvard_dip_LT_SC_2N-R1-Time200_R1.fastq.gz,Harvard_dip_LT_SC_2N-R1-Time200_R2.fastq.gz
LT_SC_2N-R1,SC_2N-R1-Time240,Harvard_dip_LT_SC_2N-R1-Time240_R1.fastq.gz,Harvard_dip_LT_SC_2N-R1-Time240_R2.fastq.gz
LT_SC_2N-R1,SC_2N-R1-Time280,Harvard_dip_LT_SC_2N-R1-Time280_R1.fastq.gz,Harvard_dip_LT_SC_2N-R1-Time280_R2.fastq.gz
LT_SC_2N-R1,SC_2N-R1-Time320,Harvard_dip_LT_SC_2N-R1-Time320_R1.fastq.gz,Harvard_dip_LT_SC_2N-R1-Time320_R2.fastq.gz
LT_SC_2N-R1,SC_2N-R1-Time8,Harvard_dip_LT_SC_2N-R1-Time8_R1.fastq.gz,Harvard_dip_LT_SC_2N-R1-Time8_R2.fastq.gz
LT_SC_2N-R1,SC_2N-R1-Time80,Harvard_dip_LT_SC_2N-R1-Time80_R1.fastq.gz,Harvard_dip_LT_SC_2N-R1-Time80_R2.fastq.gz
LT_SC_2N-R2,SC_2N-R2-Time120,Harvard_dip_LT_SC_2N-R2-Time120_R1.fastq.gz,Harvard_dip_LT_SC_2N-R2-Time120_R2.fastq.gz
LT_SC_2N-R2,SC_2N-R2-Time160,Harvard_dip_LT_SC_2N-R2-Time160_R1.fastq.gz,Harvard_dip_LT_SC_2N-R2-Time160_R2.fastq.gz
LT_SC_2N-R2,SC_2N-R2-Time200,Harvard_dip_LT_SC_2N-R2-Time200_R1.fastq.gz,Harvard_dip_LT_SC_2N-R2-Time200_R2.fastq.gz
LT_SC_2N-R2,SC_2N-R2-Time240,Harvard_dip_LT_SC_2N-R2-Time240_R1.fastq.gz,Harvard_dip_LT_SC_2N-R2-Time240_R2.fastq.gz
LT_SC_2N-R2,SC_2N-R2-Time280,Harvard_dip_LT_SC_2N-R2-Time280_R1.fastq.gz,Harvard_dip_LT_SC_2N-R2-Time280_R2.fastq.gz
LT_SC_2N-R2,SC_2N-R2-Time320,Harvard_dip_LT_SC_2N-R2-Time320_R1.fastq.gz,Harvard_dip_LT_SC_2N-R2-Time320_R2.fastq.gz
LT_SC_2N-R2,SC_2N-R2-Time8,Harvard_dip_LT_SC_2N-R2-Time8_R1.fastq.gz,Harvard_dip_LT_SC_2N-R2-Time8_R2.fastq.gz
LT_SC_2N-R2,SC_2N-R2-Time80,Harvard_dip_LT_SC_2N-R2-Time80_R1.fastq.gz,Harvard_dip_LT_SC_2N-R2-Time80_R2.fastq.gz
LT_YPD_2N-R1,YPD_2N-R1-Time120,Harvard_dip_LT_YPD_2N-R1-Time120_R1.fastq.gz,Harvard_dip_LT_YPD_2N-R1-Time120_R2.fastq.gz
LT_YPD_2N-R1,YPD_2N-R1-Time160,Harvard_dip_LT_YPD_2N-R1-Time160_R1.fastq.gz,Harvard_dip_LT_YPD_2N-R1-Time160_R2.fastq.gz
LT_YPD_2N-R1,YPD_2N-R1-Time200,Harvard_dip_LT_YPD_2N-R1-Time200_R1.fastq.gz,Harvard_dip_LT_YPD_2N-R1-Time200_R2.fastq.gz
LT_YPD_2N-R1,YPD_2N-R1-Time240,Harvard_dip_LT_YPD_2N-R1-Time240_R1.fastq.gz,Harvard_dip_LT_YPD_2N-R1-Time240_R2.fastq.gz
LT_YPD_2N-R1,YPD_2N-R1-Time280,Harvard_dip_LT_YPD_2N-R1-Time280_R1.fastq.gz,Harvard_dip_LT_YPD_2N-R1-Time280_R2.fastq.gz
LT_YPD_2N-R1,YPD_2N-R1-Time320,Harvard_dip_LT_YPD_2N-R1-Time320_R1.fastq.gz,Harvard_dip_LT_YPD_2N-R1-Time320_R2.fastq.gz
LT_YPD_2N-R1,YPD_2N-R1-Time8,Harvard_dip_LT_YPD_2N-R1-Time8_R1.fastq.gz,Harvard_dip_LT_YPD_2N-R1-Time8_R2.fastq.gz
LT_YPD_2N-R1,YPD_2N-R1-Time80,Harvard_dip_LT_YPD_2N-R1-Time80_R1.fastq.gz,Harvard_dip_LT_YPD_2N-R1-Time80_R2.fastq.gz
LT_YPD_2N-R2,YPD_2N-R2-Time120,Harvard_dip_LT_YPD_2N-R2-Time120_R1.fastq.gz,Harvard_dip_LT_YPD_2N-R2-Time120_R2.fastq.gz
LT_YPD_2N-R2,YPD_2N-R2-Time160,Harvard_dip_LT_YPD_2N-R2-Time160_R1.fastq.gz,Harvard_dip_LT_YPD_2N-R2-Time160_R2.fastq.gz
LT_YPD_2N-R2,YPD_2N-R2-Time200,Harvard_dip_LT_YPD_2N-R2-Time200_R1.fastq.gz,Harvard_dip_LT_YPD_2N-R2-Time200_R2.fastq.gz
LT_YPD_2N-R2,YPD_2N-R2-Time240,Harvard_dip_LT_YPD_2N-R2-Time240_R1.fastq.gz,Harvard_dip_LT_YPD_2N-R2-Time240_R2.fastq.gz
LT_YPD_2N-R2,YPD_2N-R2-Time280,Harvard_dip_LT_YPD_2N-R2-Time280_R1.fastq.gz,Harvard_dip_LT_YPD_2N-R2-Time280_R2.fastq.gz
LT_YPD_2N-R2,YPD_2N-R2-Time320,Harvard_dip_LT_YPD_2N-R2-Time320_R1.fastq.gz,Harvard_dip_LT_YPD_2N-R2-Time320_R2.fastq.gz
LT_YPD_2N-R2,YPD_2N-R2-Time8,Harvard_dip_LT_YPD_2N-R2-Time8_R1.fastq.gz,Harvard_dip_LT_YPD_2N-R2-Time8_R2.fastq.gz
LT_YPD_2N-R2,YPD_2N-R2-Time80,Harvard_dip_LT_YPD_2N-R2-Time80_R1.fastq.gz,Harvard_dip_LT_YPD_2N-R2-Time80_R2.fastq.gz
LT_pH3_8_2N-R1,pH3_8_2N-R1-Time120,Harvard_dip_LT_pH3_8_2N-R1-Time120_R1.fastq.gz,Harvard_dip_LT_pH3_8_2N-R1-Time120_R2.fastq.gz
LT_pH3_8_2N-R1,pH3_8_2N-R1-Time160,Harvard_dip_LT_pH3_8_2N-R1-Time160_R1.fastq.gz,Harvard_dip_LT_pH3_8_2N-R1-Time160_R2.fastq.gz
LT_pH3_8_2N-R1,pH3_8_2N-R1-Time200,Harvard_dip_LT_pH3_8_2N-R1-Time200_R1.fastq.gz,Harvard_dip_LT_pH3_8_2N-R1-Time200_R2.fastq.gz
LT_pH3_8_2N-R1,pH3_8_2N-R1-Time240,Harvard_dip_LT_pH3_8_2N-R1-Time240_R1.fastq.gz,Harvard_dip_LT_pH3_8_2N-R1-Time240_R2.fastq.gz
LT_pH3_8_2N-R1,pH3_8_2N-R1-Time280,Harvard_dip_LT_pH3_8_2N-R1-Time280_R1.fastq.gz,Harvard_dip_LT_pH3_8_2N-R1-Time280_R2.fastq.gz
LT_pH3_8_2N-R1,pH3_8_2N-R1-Time320,Harvard_dip_LT_pH3_8_2N-R1-Time320_R1.fastq.gz,Harvard_dip_LT_pH3_8_2N-R1-Time320_R2.fastq.gz
LT_pH3_8_2N-R1,pH3_8_2N-R1-Time8,Harvard_dip_LT_pH3_8_2N-R1-Time8_R1.fastq.gz,Harvard_dip_LT_pH3_8_2N-R1-Time8_R2.fastq.gz
LT_pH3_8_2N-R1,pH3_8_2N-R1-Time80,Harvard_dip_LT_pH3_8_2N-R1-Time80_R1.fastq.gz,Harvard_dip_LT_pH3_8_2N-R1-Time80_R2.fastq.gz
LT_pH3_8_2N-R2,pH3_8_2N-R2-Time120,Harvard_dip_LT_pH3_8_2N-R2-Time120_R1.fastq.gz,Harvard_dip_LT_pH3_8_2N-R2-Time120_R2.fastq.gz
LT_pH3_8_2N-R2,pH3_8_2N-R2-Time160,Harvard_dip_LT_pH3_8_2N-R2-Time160_R1.fastq.gz,Harvard_dip_LT_pH3_8_2N-R2-Time160_R2.fastq.gz
LT_pH3_8_2N-R2,pH3_8_2N-R2-Time200,Harvard_dip_LT_pH3_8_2N-R2-Time200_R1.fastq.gz,Harvard_dip_LT_pH3_8_2N-R2-Time200_R2.fastq.gz
LT_pH3_8_2N-R2,pH3_8_2N-R2-Time240,Harvard_dip_LT_pH3_8_2N-R2-Time240_R1.fastq.gz,Harvard_dip_LT_pH3_8_2N-R2-Time240_R2.fastq.gz
LT_pH3_8_2N-R2,pH3_8_2N-R2-Time280,Harvard_dip_LT_pH3_8_2N-R2-Time280_R1.fastq.gz,Harvard_dip_LT_pH3_8_2N-R2-Time280_R2.fastq.gz
LT_pH3_8_2N-R2,pH3_8_2N-R2-Time320,Harvard_dip_LT_pH3_8_2N-R2-Time320_R1.fastq.gz,Harvard_dip_LT_pH3_8_2N-R2-Time320_R2.fastq.gz
LT_pH3_8_2N-R2,pH3_8_2N-R2-Time8,Harvard_dip_LT_pH3_8_2N-R2-Time8_R1.fastq.gz,Harvard_dip_LT_pH3_8_2N-R2-Time8_R2.fastq.gz
LT_pH3_8_2N-R2,pH3_8_2N-R2-Time80,Harvard_dip_LT_pH3_8_2N-R2-Time80_R1.fastq.gz,Harvard_dip_LT_pH3_8_2N-R2-Time80_R2.fastq.gz
LT_pH7_3_2N-R1,pH7_3_2N-R1-Time120,Harvard_dip_LT_pH7_3_2N-R1-Time120_R1.fastq.gz,Harvard_dip_LT_pH7_3_2N-R1-Time120_R2.fastq.gz
LT_pH7_3_2N-R1,pH7_3_2N-R1-Time160,Harvard_dip_LT_pH7_3_2N-R1-Time160_R1.fastq.gz,Harvard_dip_LT_pH7_3_2N-R1-Time160_R2.fastq.gz
LT_pH7_3_2N-R1,pH7_3_2N-R1-Time200,Harvard_dip_LT_pH7_3_2N-R1-Time200_R1.fastq.gz,Harvard_dip_LT_pH7_3_2N-R1-Time200_R2.fastq.gz
LT_pH7_3_2N-R1,pH7_3_2N-R1-Time240,Harvard_dip_LT_pH7_3_2N-R1-Time240_R1.fastq.gz,Harvard_dip_LT_pH7_3_2N-R1-Time240_R2.fastq.gz
LT_pH7_3_2N-R1,pH7_3_2N-R1-Time280,Harvard_dip_LT_pH7_3_2N-R1-Time280_R1.fastq.gz,Harvard_dip_LT_pH7_3_2N-R1-Time280_R2.fastq.gz
LT_pH7_3_2N-R1,pH7_3_2N-R1-Time320,Harvard_dip_LT_pH7_3_2N-R1-Time320_R1.fastq.gz,Harvard_dip_LT_pH7_3_2N-R1-Time320_R2.fastq.gz
LT_pH7_3_2N-R1,pH7_3_2N-R1-Time8,Harvard_dip_LT_pH7_3_2N-R1-Time8_R1.fastq.gz,Harvard_dip_LT_pH7_3_2N-R1-Time8_R2.fastq.gz
LT_pH7_3_2N-R1,pH7_3_2N-R1-Time80,Harvard_dip_LT_pH7_3_2N-R1-Time80_R1.fastq.gz,Harvard_dip_LT_pH7_3_2N-R1-Time80_R2.fastq.gz
LT_pH7_3_2N-R2,pH7_3_2N-R2-Time120,Harvard_dip_LT_pH7_3_2N-R2-Time120_R1.fastq.gz,Harvard_dip_LT_pH7_3_2N-R2-Time120_R2.fastq.gz
LT_pH7_3_2N-R2,pH7_3_2N-R2-Time160,Harvard_dip_LT_pH7_3_2N-R2-Time160_R1.fastq.gz,Harvard_dip_LT_pH7_3_2N-R2-Time160_R2.fastq.gz
LT_pH7_3_2N-R2,pH7_3_2N-R2-Time200,Harvard_dip_LT_pH7_3_2N-R2-Time200_R1.fastq.gz,Harvard_dip_LT_pH7_3_2N-R2-Time200_R2.fastq.gz
LT_pH7_3_2N-R2,pH7_3_2N-R2-Time240,Harvard_dip_LT_pH7_3_2N-R2-Time240_R1.fastq.gz,Harvard_dip_LT_pH7_3_2N-R2-Time240_R2.fastq.gz
LT_pH7_3_2N-R2,pH7_3_2N-R2-Time280,Harvard_dip_LT_pH7_3_2N-R2-Time280_R1.fastq.gz,Harvard_dip_LT_pH7_3_2N-R2-Time280_R2.fastq.gz
LT_pH7_3_2N-R2,pH7_3_2N-R2-Time320,Harvard_dip_LT_pH7_3_2N-R2-Time320_R1.fastq.gz,Harvard_dip_LT_pH7_3_2N-R2-Time320_R2.fastq.gz
LT_pH7_3_2N-R2,pH7_3_2N-R2-Time8,Harvard_dip_LT_pH7_3_2N-R2-Time8_R1.fastq.gz,Harvard_dip_LT_pH7_3_2N-R2-Time8_R2.fastq.gz
LT_pH7_3_2N-R2,pH7_3_2N-R2-Time80,Harvard_dip_LT_pH7_3_2N-R2-Time80_R1.fastq.gz,Harvard_dip_LT_pH7_3_2N-R2-Time80_R2.fastq.gz
